都道府県,市区町村,撮影場所,撮影日時,緯度,経度,"夜空の明るさ
（等級（mag/□”））",ばらつき,周辺状況,備考,継続観察登録地点
北海道,札幌市　東区,,2024/1/8 6:44 PM,43.12333333 ,141.35361111 ,16.53,0.11,,,
北海道,名寄市,なよろ市立天文台,2024/1/10 6:29 PM,44.37388889 ,142.48250000 ,19.63,0.13,住宅地域,,○
北海道,名寄市,なよろ市立天文台,2024/1/4 5:43 PM,44.37388889 ,142.48305556 ,19.75,0.09,住宅地域,,○
北海道,名寄市,なよろ市立天文台,2024/1/10 6:41 PM,44.37388889 ,142.48305556 ,19.62,0.08,住宅地域,,○
北海道,名寄市,なよろ市立天文台,2024/1/4 5:37 PM,44.37472222 ,142.48194444 ,19.61,0.07,住宅地域,,○
北海道,伊達市,北湯沢温泉,2024/1/6 7:04 PM,42.62388889 ,141.02527778 ,19.72,0.11,森林山間地,,○
北海道,陸別町,りくべつ宇宙地球科学館（銀河の森天文台）,2024/1/8 7:00 PM,43.45611111 ,143.76583333 ,21.04,0.13,森林山間地,,○
北海道,陸別町,りくべつ宇宙地球科学館（銀河の森天文台）,2024/1/8 6:59 PM,43.45611111 ,143.76583333 ,21.19,0.13,森林山間地,,○
北海道,陸別町,りくべつ宇宙地球科学館（銀河の森天文台）,2024/1/12 6:49 PM,43.45611111 ,143.76583333 ,20.76,0.13,森林山間地,,○
北海道,陸別町,りくべつ宇宙地球科学館（銀河の森天文台）,2024/1/12 6:46 PM,43.45611111 ,143.76583333 ,20.77,0.15,森林山間地,,○
北海道,弟子屈町,北海道川上郡弟子屈町,2024/1/2 5:57 PM,43.52416667 ,144.40222222 ,21.28,0.11,農業地域,,○
北海道,弟子屈町,北海道川上郡弟子屈町,2024/1/8 6:58 PM,43.52472222 ,144.40250000 ,21.22,0.13,農業地域,,○
北海道,弟子屈町,北海道川上郡弟子屈町,2024/1/9 7:00 PM,43.52527778 ,144.40250000 ,21.18,0.25,農業地域,,○
青森県,八戸市,,2024/1/11 7:11 PM,40.49444444 ,141.53305556 ,18.90,0.10,,,
岩手県,盛岡市,,2024/1/8 6:13 PM,39.69972222 ,141.14916667 ,18.25,0.08,,,
岩手県,久慈市,久慈市長内町,2024/1/11 7:56 PM,40.18611111 ,141.79000000 ,20.10,0.25,住宅地域,,○
岩手県,陸前高田市,箱根山展望台,2024/1/2 7:15 PM,39.01361111 ,141.69472222 ,19.87,0.15,自然公園等,,○
岩手県,陸前高田市,箱根山展望台,2024/1/13 7:06 PM,39.01361111 ,141.69472222 ,19.84,0.17,自然公園等,,○
岩手県,陸前高田市,箱根山展望台,2024/1/2 7:15 PM,39.01361111 ,141.69472222 ,19.87,0.15,自然公園等,,○
岩手県,陸前高田市,,2024/1/2 6:56 PM,39.01166667 ,141.68916667 ,19.99,0.18,,,
岩手県,陸前高田市,,2024/1/13 7:36 PM,39.01194444 ,141.68916667 ,19.87,0.12,,,
岩手県,二戸市,二戸市福岡 古梅児童公園の近辺,2024/1/8 6:34 PM,40.27111111 ,141.31472222 ,19.92,0.18,住宅地域,,○
宮城県,仙台市　宮城野区,,2024/1/8 7:35 PM,38.26555556 ,140.89805556 ,17.83,0.09,,,
宮城県,仙台市　青葉区,,2024/1/11 6:32 PM,38.25694444 ,140.75527778 ,19.21,0.11,,,
山形県,朝日町,山形県朝日町　Asahi自然観,2024/1/11 7:12 PM,38.30805556 ,140.05638889 ,20.90,0.15,その他,,○
山形県,朝日町,山形県朝日町　Asahi自然観,2024/1/2 7:04 PM,38.30833333 ,140.05611111 ,21.00,0.08,その他,,○
山形県,朝日町,山形県朝日町　Asahi自然観,2024/1/11 6:56 PM,38.30777778 ,140.05638889 ,21.05,0.10,その他,,○
山形県,朝日町,山形県朝日町　Asahi自然観,2024/1/2 6:08 PM,38.30777778 ,140.05666667 ,21.22,0.09,その他,,○
福島県,いわき市,,2024/1/6 7:24 PM,37.10777778 ,140.99416667 ,19.98,0.08,,,
福島県,いわき市,いわき市中央台鹿島,2024/1/12 6:40 PM,37.00750000 ,140.92416667 ,19.10,0.10,住宅地域,,○
福島県,白河市,白河関の森公園駐車場,2024/1/6 7:58 PM,37.04472222 ,140.22861111 ,20.65,0.06,農業地域,,○
福島県,田村市,星の村天文台,2024/1/11 7:45 PM,37.34166667 ,140.67611111 ,20.76,0.09,自然公園等,,○
福島県,広野町,SUZUKI天体観測所,2024/1/4 6:15 PM,37.19166667 ,140.95138889 ,20.78,0.09,森林山間地,,○
福島県,広野町,双葉郡広野町,2024/1/4 7:28 PM,37.21555556 ,140.99305556 ,20.27,0.09,住宅地域,,○
福島県,楢葉町,,2024/1/6 7:46 PM,37.25055556 ,140.99750000 ,19.82,0.09,,,
福島県,富岡町,,2024/1/6 8:09 PM,37.33500000 ,141.02138889 ,19.68,0.05,,,
茨城県,つくば市,つくば市吾妻,2024/1/6 6:14 PM,36.08333333 ,140.11805556 ,17.75,0.09,住宅地域,,○
茨城県,つくば市,つくば市吾妻,2024/1/12 7:40 PM,36.08333333 ,140.11805556 ,17.81,0.10,住宅地域,,○
茨城県,常陸大宮市,,2024/1/15 8:03 PM,36.65111111 ,140.28861111 ,20.68,0.09,,,
栃木県,宇都宮市,,2024/1/4 7:59 PM,36.55777778 ,139.87861111 ,17.99,0.08,,,
栃木県,佐野市,佐野市 梅林公園,2024/1/4 7:36 PM,36.35388889 ,139.60944444 ,19.22,0.10,農業地域,,○
栃木県,佐野市,佐野市 赤城神社,2024/1/4 8:05 PM,36.29694444 ,139.57722222 ,18.67,0.09,住宅地域,,○
栃木県,佐野市,作原自然環境保全地域,2024/1/2 6:23 PM,36.56416667 ,139.46888889 ,20.72,0.08,自然公園等,,○
栃木県,佐野市,作原自然環境保全地域,2024/1/5 6:33 PM,36.56416667 ,139.46916667 ,20.42,0.11,自然公園等,,○
栃木県,大田原市,,2024/1/8 6:32 PM,36.80027778 ,140.05083333 ,20.33,0.07,,,
栃木県,塩谷町,星ふる学校「くまの木」,2024/1/4 6:17 PM,36.80000000 ,139.84638889 ,20.34,0.09,農業地域,,○
群馬県,高崎市,,2024/1/8 7:31 PM,36.41638889 ,138.77833333 ,20.70,0.08,,,
群馬県,渋川市,,2024/1/2 6:43 PM,36.56305556 ,138.96888889 ,20.28,0.15,,,
群馬県,渋川市,,2024/1/8 6:39 PM,36.48916667 ,139.04083333 ,19.34,0.08,,,
群馬県,渋川市,,2024/1/8 6:44 PM,36.48083333 ,139.04388889 ,19.23,0.07,,,
群馬県,渋川市,,2024/1/8 6:50 PM,36.49611111 ,139.06138889 ,19.51,0.08,,,
群馬県,渋川市,,2024/1/8 6:55 PM,36.49583333 ,139.05777778 ,19.57,0.08,,,
群馬県,高山村,,2024/1/2 7:41 PM,36.62388889 ,138.95611111 ,20.35,0.13,,,
群馬県,高山村,群馬県吾妻郡高山村ぐんま天文台,2024/1/2 7:01 PM,36.59694444 ,138.97416667 ,20.52,0.14,森林山間地,,○
群馬県,玉村町,群馬県佐波郡玉村町道の駅玉村宿,2024/1/4 7:32 PM,36.30750000 ,139.09694444 ,18.46,0.15,農業地域,,○
埼玉県,さいたま市　緑区,浦和美園４丁目公園,2024/1/12 7:51 PM,35.89611111 ,139.73222222 ,17.39,0.09,住宅地域,,○
埼玉県,狭山市,,2024/1/12 8:04 PM,35.85750000 ,139.41138889 ,17.77,0.08,,,
埼玉県,草加市,東武スカイツリーライン谷塚駅前,2024/1/5 6:50 PM,35.81694444 ,139.80027778 ,17.22,0.12,商業地域,,○
埼玉県,越谷市,越天蒲生観測所,2024/1/5 7:52 PM,35.86583333 ,139.80750000 ,16.96,0.17,住宅地域,,○
埼玉県,杉戸町,,2024/1/5 7:11 PM,36.02500000 ,139.75333333 ,18.10,0.14,,,
千葉県,松戸市,松戸市内,2024/1/9 6:46 PM,35.77944444 ,139.90444444 ,17.12,0.07,住宅地域,,○
千葉県,松戸市,松戸市内,2024/1/9 8:06 PM,35.77944444 ,139.90444444 ,17.23,0.13,住宅地域,,○
千葉県,松戸市,松戸市内,2024/1/12 7:40 PM,35.77944444 ,139.90444444 ,17.26,0.11,住宅地域,,○
千葉県,八千代市,,2024/1/8 8:48 PM,35.75722222 ,140.10750000 ,18.29,0.08,,参考値（時間外）,
千葉県,鴨川市,鴨川市内,2024/1/6 7:45 PM,35.13888889 ,139.99666667 ,20.21,0.08,農業地域,,○
東京都,千代田区,,2024/1/2 6:27 PM,35.68138889 ,139.76500000 ,16.31,0.19,,,
東京都,千代田区,,2024/1/4 7:52 PM,35.68222222 ,139.76250000 ,16.46,0.09,,,
東京都,新宿区,,2024/1/15 8:00 PM,35.69527778 ,139.73888889 ,16.57,0.10,,,
東京都,文京区,東洋大学白山キャンパス１号館屋上,2024/1/12 6:34 PM,35.72305556 ,139.75055556 ,16.63,0.11,商業地域,,○
東京都,中野区,なかのZERO,2024/1/12 6:41 PM,35.70444444 ,139.67111111 ,16.54,0.09,商業地域,,○
東京都,三鷹市,三鷹市大沢,2024/1/5 6:57 PM,35.67444444 ,139.53777778 ,17.47,0.08,住宅地域,,○
東京都,調布市,,2024/1/9 7:41 PM,35.65750000 ,139.54361111 ,17.25,0.07,,,
東京都,小金井市,都立小金井公園　いこいの広場,2024/1/4 6:42 PM,35.71611111 ,139.51666667 ,17.46,0.06,自然公園等,,○
東京都,羽村市,羽村市,2024/1/6 7:39 PM,35.77194444 ,139.30055556 ,17.92,0.09,住宅地域,,○
東京都,奥多摩町,西多摩郡奥多摩町 奥多摩湖大麦代園地駐車場,2024/1/5 7:04 PM,35.78944444 ,139.04333333 ,19.99,0.08,森林山間地,,○
東京都,神津島村,神津島村 ヘリポート,2024/1/15 8:25 PM,34.19861111 ,139.12666667 ,21.30,0.08,農業地域,,○
東京都,神津島村,神津島村 よたね広場,2024/1/15 7:55 PM,34.20472222 ,139.13888889 ,21.05,0.10,住宅地域,,○
東京都,神津島村,神津島村 三浦湾展望台,2024/1/15 8:10 PM,34.19194444 ,139.14416667 ,21.34,0.09,その他,,○
東京都,神津島村,神津島村 赤崎遊歩道,2024/1/9 6:33 PM,34.23972222 ,139.13750000 ,21.35,0.07,その他,,○
東京都,小笠原村,小笠原村父島　コペペ海岸,2024/1/6 7:45 PM,27.06444444 ,142.19305556 ,21.60,0.09,森林山間地,,○
神奈川県,横浜市　青葉区,,2024/1/5 6:53 PM,35.58916667 ,139.54750000 ,17.47,0.09,,,
神奈川県,横浜市　都筑区,,2024/1/5 7:43 PM,35.56416667 ,139.61111111 ,17.27,0.08,,,
神奈川県,川崎市　麻生区,,2024/1/9 6:59 PM,35.57444444 ,139.51277778 ,17.55,0.07,,,
神奈川県,川崎市　中原区,,2024/1/9 8:12 PM,35.57638889 ,139.64194444 ,17.22,0.17,,,
神奈川県,川崎市　多摩区,,2024/1/15 7:48 PM,35.61416667 ,139.57333333 ,17.28,0.09,,,
神奈川県,川崎市　多摩区,,2024/1/8 7:23 PM,35.63416667 ,139.54694444 ,17.34,0.16,,,
神奈川県,川崎市　多摩区,,2024/1/4 6:54 PM,35.60805556 ,139.56111111 ,17.53,0.09,,,
神奈川県,川崎市　麻生区,,2024/1/4 7:42 PM,35.60944444 ,139.47472222 ,17.73,0.06,,,
神奈川県,川崎市　麻生区,,2024/1/4 8:00 PM,35.60805556 ,139.50416667 ,17.70,0.07,,,
神奈川県,川崎市　麻生区,,2024/1/4 8:09 PM,35.58583333 ,139.51777778 ,17.81,0.06,,,
神奈川県,川崎市　宮前区,,2024/1/5 7:15 PM,35.57250000 ,139.57388889 ,17.38,0.07,,,
神奈川県,川崎市　宮前区,,2024/1/5 7:28 PM,35.56694444 ,139.59444444 ,17.36,0.12,,,
神奈川県,川崎市　高津区,,2024/1/5 7:54 PM,35.56916667 ,139.63444444 ,17.26,0.05,,,
神奈川県,川崎市　中原区,,2024/1/5 8:12 PM,35.58444444 ,139.64750000 ,17.04,0.13,,,
神奈川県,川崎市　高津区,,2024/1/6 7:20 PM,35.58555556 ,139.61055556 ,17.26,0.09,,,
神奈川県,川崎市　中原区,,2024/1/6 7:46 PM,35.56583333 ,139.65888889 ,17.22,0.08,,,
神奈川県,川崎市　幸区,,2024/1/6 8:05 PM,35.53555556 ,139.66888889 ,17.36,0.07,,,
神奈川県,川崎市　幸区,,2024/1/6 8:14 PM,35.53611111 ,139.68861111 ,17.24,0.08,,,
神奈川県,川崎市　幸区,,2024/1/8 6:20 PM,35.53416667 ,139.69500000 ,17.02,0.12,,,
神奈川県,川崎市　川崎区,,2024/1/8 6:33 PM,35.52861111 ,139.70888889 ,17.27,0.10,,,
神奈川県,川崎市　川崎区,,2024/1/8 6:44 PM,35.53138889 ,139.73277778 ,17.45,0.08,,,
神奈川県,川崎市　川崎区,,2024/1/8 6:58 PM,35.54055556 ,139.75166667 ,17.43,0.07,,,
神奈川県,川崎市　川崎区,,2024/1/8 7:18 PM,35.50444444 ,139.77750000 ,17.90,0.07,,,
神奈川県,川崎市　川崎区,,2024/1/8 7:54 PM,35.49500000 ,139.71194444 ,17.62,0.09,,,
神奈川県,川崎市　川崎区,,2024/1/8 8:09 PM,35.51027778 ,139.70833333 ,17.53,0.10,,,
神奈川県,川崎市　多摩区,,2024/1/11 7:15 PM,35.62333333 ,139.53333333 ,17.37,0.09,,,
神奈川県,川崎市　多摩区,,2024/1/11 7:26 PM,35.62722222 ,139.52333333 ,17.34,0.09,,,
神奈川県,川崎市　多摩区,,2024/1/11 7:56 PM,35.60611111 ,139.58333333 ,17.42,0.08,,,
神奈川県,川崎市　多摩区,,2024/1/12 6:31 PM,35.62083333 ,139.56694444 ,16.81,0.08,,,
神奈川県,川崎市　宮前区,,2024/1/12 7:05 PM,35.59972222 ,139.57055556 ,17.16,0.07,,,
神奈川県,川崎市　高津区,,2024/1/12 7:26 PM,35.60888889 ,139.60666667 ,17.13,0.10,,,
神奈川県,川崎市　高津区,,2024/1/12 8:08 PM,35.59444444 ,139.61944444 ,17.15,0.11,,,
神奈川県,相模原市　南区,相模原市南区下溝,2024/1/6 7:26 PM,35.53805556 ,139.37388889 ,17.79,0.09,農業地域,,○
神奈川県,平塚市,平塚市岡崎,2024/1/4 7:26 PM,35.36888889 ,139.32055556 ,18.44,0.08,農業地域,,○
神奈川県,藤沢市,藤沢市内,2024/1/4 7:23 PM,35.39750000 ,139.46972222 ,17.64,0.08,商業地域,,○
神奈川県,清川村,,2024/1/14 7:04 PM,35.51416667 ,139.23250000 ,19.14,0.08,,,
富山県,富山市,,2024/1/11 7:44 PM,36.68055556 ,137.21166667 ,17.92,0.08,,,
富山県,黒部市,富山県黒部市黒部市吉田科学館,2024/1/11 7:17 PM,36.90138889 ,137.42527778 ,19.65,0.09,住宅地域,,○
石川県,金沢市,,2024/1/11 8:25 PM,36.59833333 ,136.66861111 ,18.42,0.11,,,
石川県,金沢市,,2024/1/11 6:30 PM,36.59833333 ,136.66861111 ,18.15,0.08,,,
石川県,かほく市,,2024/1/10 7:40 PM,36.71861111 ,136.70444444 ,19.26,0.10,,,
福井県,大野市,福井県自然保護センター観察棟,2024/1/11 7:12 PM,36.02138889 ,136.58222222 ,20.80,0.09,自然公園等,,○
福井県,大野市,福井県自然保護センター観察棟,2024/1/11 7:32 PM,36.02138889 ,136.58222222 ,20.80,0.07,自然公園等,,○
福井県,大野市,福井県自然保護センター観察棟,2024/1/11 8:28 PM,36.02138889 ,136.58222222 ,20.91,0.05,自然公園等,,○
福井県,大野市,福井県自然保護センター観察棟,2024/1/2 8:16 PM,36.02138889 ,136.58222222 ,20.87,0.09,自然公園等,,○
福井県,大野市,福井県自然保護センター観察棟,2024/1/2 8:07 PM,36.02138889 ,136.58222222 ,20.86,0.08,自然公園等,,○
福井県,大野市,福井県自然保護センター観察棟,2024/1/2 7:47 PM,36.02138889 ,136.58222222 ,20.79,0.06,自然公園等,,○
福井県,おおい町,大飯郡おおい町名田庄納田終,2024/1/2 7:25 PM,35.39638889 ,135.57083333 ,20.29,0.28,森林山間地,,○
福井県,おおい町,大飯郡おおい町名田庄中,2024/1/2 7:02 PM,35.40527778 ,135.64027778 ,20.95,0.21,農業地域,,○
福井県,おおい町,大飯郡おおい町名田庄三重,2024/1/2 8:04 PM,35.41361111 ,135.68194444 ,20.79,0.09,農業地域,,○
福井県,おおい町,大飯郡おおい町名田庄中,2024/1/4 8:05 PM,35.40500000 ,135.64055556 ,20.81,0.08,農業地域,,○
山梨県,富士吉田市,富士北麓公園駐車場,2024/1/6 7:24 PM,35.45666667 ,138.76722222 ,19.83,0.11,自然公園等,,○
山梨県,富士吉田市,富士散策公園,2024/1/6 7:35 PM,35.45611111 ,138.80444444 ,19.57,0.10,自然公園等,,○
山梨県,富士吉田市,富士吉田市大明見地内,2024/1/6 7:49 PM,35.48444444 ,138.81805556 ,19.44,0.08,住宅地域,,○
山梨県,北杜市,,2024/1/5 7:02 PM,35.80083333 ,138.42861111 ,20.35,0.08,,,
山梨県,北杜市,,2024/1/6 7:20 PM,35.83250000 ,138.49500000 ,21.12,0.14,,,
山梨県,北杜市,,2024/1/6 7:20 PM,35.83250000 ,138.49500000 ,21.12,0.14,,,
山梨県,北杜市,北杜市白州町横手,2024/1/11 7:47 PM,35.78805556 ,138.31694444 ,19.65,0.09,農業地域,,○
山梨県,富士河口湖町,南都留郡富士河口湖町大石,2024/1/5 8:12 PM,35.52388889 ,138.73000000 ,20.26,0.08,農業地域,,○
山梨県,富士河口湖町,南都留郡富士河口湖町大石,2024/1/8 7:59 PM,35.52416667 ,138.73027778 ,20.26,0.10,農業地域,,○
山梨県,小菅村,北都留郡小菅村 小菅村ヘリポート,2024/1/5 8:08 PM,35.76277778 ,138.94083333 ,20.44,0.05,森林山間地,,○
山梨県,丹波山村,北都留郡丹波山村,2024/1/5 7:33 PM,35.78500000 ,138.97833333 ,20.39,0.10,森林山間地,,○
長野県,長野市,鬼無里日影　押切,2024/1/4 6:20 PM,36.66777778 ,137.92750000 ,20.82,0.08,その他,,○
長野県,長野市,鬼無里東京　加茂神社参道,2024/1/4 6:45 PM,36.68805556 ,137.96611111 ,21.07,0.06,その他,,○
長野県,長野市,鬼無里　松原,2024/1/4 7:15 PM,36.67805556 ,137.99111111 ,20.97,0.11,その他,,○
長野県,長野市,鬼無里小中学校横グランド,2024/1/4 7:26 PM,36.67972222 ,138.00361111 ,20.77,0.11,その他,,○
長野県,長野市,旧鬼無里中学校跡地駐車場,2024/1/4 7:43 PM,36.68277778 ,138.00250000 ,20.91,0.16,その他,,○
長野県,長野市,長野市立博物館,2024/1/5 7:08 PM,36.59166667 ,138.18888889 ,19.03,0.08,自然公園等,,○
長野県,松本市,松本市中央,2024/1/2 6:15 PM,36.23444444 ,137.97805556 ,17.98,0.10,商業地域,,○
長野県,松本市,,2024/1/2 6:37 PM,36.23111111 ,137.98444444 ,19.10,0.07,,,
長野県,松本市,西南公園,2024/1/6 6:36 PM,36.18361111 ,137.91833333 ,19.81,0.10,自然公園等,,○
長野県,松本市,アルプス公園駐車場,2024/1/8 6:41 PM,36.25694444 ,137.95527778 ,19.37,0.04,自然公園等,,○
長野県,松本市,松本駅西口,2024/1/8 6:59 PM,36.23055556 ,137.96333333 ,17.95,0.11,商業地域,,○
長野県,松本市,平田駅西口,2024/1/8 7:23 PM,36.19222222 ,137.96138889 ,18.70,0.06,住宅地域,,○
長野県,松本市,,2024/1/2 6:16 PM,36.20277778 ,137.85611111 ,19.89,0.11,,,
長野県,松本市,,2024/1/2 6:28 PM,36.18333333 ,137.80388889 ,20.60,0.14,,,
長野県,松本市,,2024/1/2 6:44 PM,36.15305556 ,137.74916667 ,21.05,0.13,,,
長野県,松本市,奈川高原,2024/1/2 7:11 PM,36.04583333 ,137.70250000 ,21.28,0.12,自然公園等,,○
長野県,松本市,奈川渡ダム駐車場,2024/1/2 7:33 PM,36.13111111 ,137.71805556 ,21.22,0.11,森林山間地,,○
長野県,松本市,乗鞍高原・いがや,2024/1/2 7:54 PM,36.12027778 ,137.64222222 ,21.27,0.14,自然公園等,,○
長野県,松本市,,2024/1/2 8:05 PM,36.11888889 ,137.61611111 ,21.36,0.10,,,
長野県,松本市,,2024/1/2 8:17 PM,36.10444444 ,137.62638889 ,21.42,0.08,,,
長野県,松本市,平田駅西口,2024/1/5 6:40 PM,36.19222222 ,137.96111111 ,18.56,0.13,住宅地域,,○
長野県,松本市,松本駅西口,2024/1/5 7:02 PM,36.23055556 ,137.96333333 ,17.91,0.11,商業地域,,○
長野県,松本市,松本市中央,2024/1/5 7:19 PM,36.23416667 ,137.97861111 ,18.08,0.14,商業地域,参考値（薄雲）,○
長野県,松本市,アルプス公園駐車場,2024/1/5 7:40 PM,36.25777778 ,137.95472222 ,19.36,0.08,自然公園等,,○
長野県,松本市,,2024/1/5 7:59 PM,36.23472222 ,138.00388889 ,19.49,0.11,,,
長野県,松本市,,2024/1/5 8:06 PM,36.23388889 ,138.00250000 ,19.47,0.09,,,
長野県,松本市,,2024/1/6 6:33 PM,36.31722222 ,137.99805556 ,20.42,0.08,,,
長野県,松本市,,2024/1/6 6:44 PM,36.35805556 ,137.99638889 ,20.60,0.09,,,
長野県,松本市,,2024/1/6 7:56 PM,36.23555556 ,137.94305556 ,18.22,0.10,,,
長野県,松本市,,2024/1/9 6:43 PM,36.22638889 ,137.95611111 ,18.11,0.12,,,
長野県,松本市,,2024/1/9 6:52 PM,36.22916667 ,137.94888889 ,18.41,0.11,,,
長野県,松本市,,2024/1/9 6:58 PM,36.22722222 ,137.94194444 ,18.67,0.09,,,
長野県,松本市,,2024/1/9 7:07 PM,36.22500000 ,137.92361111 ,18.76,0.17,,,
長野県,松本市,,2024/1/9 7:15 PM,36.21972222 ,137.91305556 ,19.06,0.10,,,
長野県,松本市,,2024/1/9 7:22 PM,36.21611111 ,137.90555556 ,19.03,0.15,,,
長野県,松本市,,2024/1/9 7:34 PM,36.21222222 ,137.89194444 ,19.43,0.11,,,
長野県,松本市,,2024/1/9 7:42 PM,36.20805556 ,137.88250000 ,18.93,0.13,,,
長野県,松本市,,2024/1/9 7:51 PM,36.20555556 ,137.87250000 ,19.33,0.12,,,
長野県,松本市,,2024/1/9 8:00 PM,36.20111111 ,137.85916667 ,19.38,0.13,,,
長野県,松本市,,2024/1/9 8:10 PM,36.19527778 ,137.84027778 ,19.61,0.15,,,
長野県,松本市,,2024/1/9 8:19 PM,36.19138889 ,137.82305556 ,18.59,0.16,,,
長野県,上田市,古安曽観測所前,2024/1/5 8:24 PM,36.35111111 ,138.21861111 ,20.02,0.12,農業地域,,○
長野県,上田市,,2024/1/5 7:55 PM,36.34138889 ,138.30111111 ,19.93,0.10,,,
長野県,上田市,上田千曲高校周辺,2024/1/11 8:17 PM,36.40333333 ,138.22833333 ,19.19,0.09,住宅地域,,○
長野県,岡谷市,塩嶺王城パーク駐車場,2024/1/7 6:34 PM,36.06361111 ,138.01694444 ,19.49,0.15,自然公園等,,○
長野県,岡谷市,,2024/1/8 8:16 PM,36.06722222 ,138.04972222 ,19.05,0.09,,,
長野県,岡谷市,,2024/1/14 8:19 PM,36.03833333 ,138.02472222 ,19.77,0.18,,,
長野県,飯田市,,2024/1/9 8:37 PM,35.45000000 ,137.88361111 ,20.79,0.09,,,
長野県,飯田市,,2024/1/11 7:02 PM,35.46694444 ,137.76583333 ,20.37,0.08,,,
長野県,飯田市,,2024/1/11 6:40 PM,35.44527778 ,137.81638889 ,20.20,0.11,,,
長野県,飯田市,,2024/1/11 6:47 PM,35.45333333 ,137.82250000 ,20.24,0.10,,,
長野県,飯田市,,2024/1/11 6:25 PM,35.48361111 ,137.82555556 ,19.64,0.10,,,
長野県,飯田市,,2024/1/13 6:41 PM,35.53250000 ,137.85388889 ,19.50,0.10,,,
長野県,諏訪市,長野県霧ヶ峰自然保護センター,2024/1/2 6:38 PM,36.09805556 ,138.16861111 ,20.78,0.08,自然公園等,,○
長野県,諏訪市,諏訪市四賀霧ヶ峰車山肩,2024/1/4 7:39 PM,36.10388889 ,138.18722222 ,19.61,0.09,自然公園等,,○
長野県,諏訪市,諏訪市四賀霧ヶ峰車山肩,2024/1/2 7:00 PM,36.10388889 ,138.18722222 ,20.94,0.07,自然公園等,,○
長野県,諏訪市,長野県霧ヶ峰自然保護センター,2024/1/4 7:24 PM,36.09805556 ,138.16861111 ,20.72,0.10,自然公園等,,○
長野県,諏訪市,,2024/1/8 7:16 PM,36.04444444 ,138.11000000 ,19.37,0.10,,,
長野県,諏訪市,,2024/1/8 7:39 PM,36.05305556 ,138.12222222 ,19.81,0.08,,,
長野県,諏訪市,,2024/1/9 6:55 PM,36.02750000 ,138.09000000 ,19.23,0.09,,,
長野県,須坂市,峰の原高原　サンセットテラス,2024/1/9 7:51 PM,36.55583333 ,138.35750000 ,18.62,0.15,自然公園等,,○
長野県,須坂市,峰の原高原　サンセットテラス,2024/1/8 9:51 PM,36.55555556 ,138.35750000 ,20.64,0.11,自然公園等,参考値（時間外）,○
長野県,須坂市,峰の原高原　サンセットテラス,2024/1/14 7:05 PM,36.55555556 ,138.35750000 ,20.48,0.08,自然公園等,,○
長野県,小諸市,,2024/1/4 6:18 PM,36.29833333 ,138.40611111 ,20.03,0.09,,,
長野県,小諸市,,2024/1/5 7:01 PM,36.34194444 ,138.42111111 ,19.85,0.09,,,
長野県,伊那市,長野県伊那文化会館,2024/1/5 7:20 PM,35.83944444 ,137.94472222 ,19.33,0.14,住宅地域,,○
長野県,伊那市,伊那市 西春近北小学校グランド,2024/1/5 7:35 PM,35.81944444 ,137.93694444 ,19.76,0.09,農業地域,,○
長野県,伊那市,,2024/1/9 6:39 PM,35.84416667 ,138.03638889 ,20.29,0.18,,,
長野県,伊那市,,2024/1/9 7:13 PM,35.79416667 ,138.08277778 ,20.71,0.17,,,
長野県,伊那市,,2024/1/14 8:03 PM,35.87777778 ,137.92055556 ,19.68,0.18,,,
長野県,伊那市,,2024/1/14 6:43 PM,35.81250000 ,137.99222222 ,20.13,0.08,,,
長野県,伊那市,,2024/1/14 7:03 PM,35.80638889 ,138.03333333 ,20.49,0.12,,,
長野県,伊那市,伊那市西箕輪 中条地区,2024/1/5 8:22 PM,35.87416667 ,137.92722222 ,20.33,0.09,農業地域,,○
長野県,伊那市,,2024/1/11 6:22 PM,35.72361111 ,138.07138889 ,20.95,0.07,,,
長野県,伊那市,,2024/1/11 6:33 PM,35.76833333 ,138.07472222 ,20.86,0.09,,,
長野県,伊那市,,2024/1/11 6:41 PM,35.79194444 ,138.08222222 ,20.78,0.06,,,
長野県,伊那市,,2024/1/11 6:56 PM,35.83666667 ,138.05305556 ,20.30,0.09,,,
長野県,駒ヶ根市,,2024/1/2 6:29 PM,35.71750000 ,137.98305556 ,20.58,0.26,,,
長野県,駒ヶ根市,,2024/1/2 6:55 PM,35.74444444 ,137.93305556 ,19.30,0.25,,,
長野県,駒ヶ根市,駒ヶ根高原家族旅行村アルプスの丘周辺,2024/1/2 7:19 PM,35.72972222 ,137.90027778 ,20.47,0.09,自然公園等,,○
長野県,駒ヶ根市,日本電産長野技術研究開発センター周辺,2024/1/2 7:34 PM,35.72138889 ,137.91000000 ,20.43,0.10,農業地域,,○
長野県,駒ヶ根市,長野県駒ヶ根工業高等学校周辺,2024/1/2 7:50 PM,35.71027778 ,137.92638889 ,20.38,0.09,住宅地域,,○
長野県,駒ヶ根市,,2024/1/4 7:48 PM,35.74472222 ,137.98583333 ,20.65,0.08,,,
長野県,大町市,大町市社 大町観測所,2024/1/5 6:52 PM,36.44500000 ,137.87694444 ,20.67,0.11,農業地域,,○
長野県,大町市,大町市大町 大町市役所,2024/1/5 6:34 PM,36.50194444 ,137.85111111 ,19.84,0.39,住宅地域,,○
長野県,大町市,,2024/1/4 6:17 PM,36.57277778 ,137.83611111 ,20.78,0.08,,,
長野県,茅野市,,2024/1/9 7:23 PM,35.99583333 ,138.15944444 ,18.84,0.09,,,
長野県,茅野市,,2024/1/9 7:38 PM,36.00638889 ,138.17916667 ,19.39,0.10,,,
長野県,茅野市,,2024/1/9 8:11 PM,36.01305556 ,138.23055556 ,20.38,0.07,,,
長野県,塩尻市,堅石公民館,2024/1/5 7:54 PM,36.13888889 ,137.93750000 ,18.60,0.06,農業地域,,○
長野県,塩尻市,信州スカイパーク,2024/1/6 6:49 PM,36.15666667 ,137.92194444 ,19.94,0.14,自然公園等,,○
長野県,塩尻市,長者原公園,2024/1/6 7:04 PM,36.16472222 ,137.94638889 ,18.47,0.17,住宅地域,,○
長野県,塩尻市,広丘小学校校庭,2024/1/6 7:18 PM,36.15388889 ,137.94638889 ,19.09,0.09,住宅地域,,○
長野県,塩尻市,堅石公民館,2024/1/6 7:28 PM,36.13888889 ,137.93750000 ,18.26,0.28,農業地域,,○
長野県,塩尻市,洗馬小学校校庭,2024/1/6 7:41 PM,36.11388889 ,137.91416667 ,19.31,0.36,農業地域,,○
長野県,塩尻市,,2024/1/5 6:44 PM,36.13000000 ,137.90638889 ,19.96,0.10,,,
長野県,塩尻市,塩尻市役所北側駐車場,2024/1/5 7:28 PM,36.11500000 ,137.95333333 ,19.09,0.11,住宅地域,,○
長野県,塩尻市,塩尻東地区センター,2024/1/5 7:41 PM,36.10111111 ,137.97500000 ,19.73,0.06,農業地域,,○
長野県,塩尻市,塩尻市本山,2024/1/8 6:28 PM,36.06666667 ,137.90055556 ,20.48,0.09,農業地域,,○
長野県,塩尻市,平出遺跡公園,2024/1/8 6:47 PM,36.10416667 ,137.94277778 ,19.99,0.11,自然公園等,,○
長野県,塩尻市,,2024/1/8 6:56 PM,36.11472222 ,137.94833333 ,19.09,0.11,,,
長野県,塩尻市,,2024/1/8 7:09 PM,36.12888889 ,137.95972222 ,19.36,0.08,,,
長野県,塩尻市,,2024/1/9 6:25 PM,36.14416667 ,137.96416667 ,18.67,0.21,,,
長野県,塩尻市,塩嶺王城パーク駐車場,2024/1/8 6:16 PM,36.05916667 ,138.01166667 ,20.09,0.11,自然公園等,,○
長野県,塩尻市,いこいの森公園,2024/1/8 6:30 PM,36.07111111 ,138.00416667 ,20.21,0.09,自然公園等,,○
長野県,塩尻市,北小野地区センター,2024/1/8 6:50 PM,36.05083333 ,137.96861111 ,20.27,0.07,農業地域,,○
長野県,塩尻市,片丘小学校東,2024/1/5 6:15 PM,36.14416667 ,137.97972222 ,19.54,0.08,農業地域,,○
長野県,塩尻市,平出遺跡公園,2024/1/8 6:15 PM,36.10444444 ,137.94250000 ,19.58,0.12,自然公園等,,○
長野県,塩尻市,,2024/1/8 6:37 PM,36.01277778 ,137.85916667 ,20.74,0.13,,,
長野県,塩尻市,,2024/1/8 6:49 PM,35.98638889 ,137.84250000 ,20.82,0.11,,,
長野県,塩尻市,,2024/1/8 6:58 PM,35.96027778 ,137.80888889 ,20.89,0.10,,,
長野県,塩尻市,奈良井ダム,2024/1/8 7:08 PM,35.93388889 ,137.81027778 ,21.11,0.10,森林山間地,,○
長野県,佐久市,,2024/1/4 6:43 PM,36.26972222 ,138.39888889 ,20.21,0.07,,,
長野県,佐久市,,2024/1/4 6:58 PM,36.25805556 ,138.40416667 ,20.11,0.12,,,
長野県,佐久市,,2024/1/4 7:12 PM,36.24972222 ,138.42916667 ,19.99,0.08,,,
長野県,佐久市,,2024/1/4 7:30 PM,36.23583333 ,138.46833333 ,19.78,0.08,,,
長野県,佐久市,,2024/1/4 7:47 PM,36.25583333 ,138.48694444 ,19.49,0.09,,,
長野県,佐久市,,2024/1/12 6:22 PM,36.27944444 ,138.51000000 ,19.51,0.06,,,
長野県,佐久市,,2024/1/12 7:00 PM,36.27750000 ,138.46444444 ,17.98,0.12,,,
長野県,佐久市,,2024/1/9 7:39 PM,36.19166667 ,138.48222222 ,19.93,0.05,,,
長野県,佐久市,,2024/1/9 8:00 PM,36.19805556 ,138.48638889 ,19.85,0.08,,,
長野県,佐久市,うすだスタードーム,2024/1/8 8:00 PM,36.19305556 ,138.42916667 ,20.68,0.04,森林山間地,,○
長野県,千曲市,,2024/1/2 7:38 PM,36.52833333 ,138.11055556 ,19.44,0.15,,,
長野県,千曲市,,2024/1/2 7:57 PM,36.53416667 ,138.13666667 ,19.52,0.07,,,
長野県,千曲市,,2024/1/2 8:36 PM,36.50083333 ,138.09111111 ,20.37,0.06,,,
長野県,東御市,,2024/1/5 7:24 PM,36.32638889 ,138.32222222 ,20.03,0.13,,,
長野県,東御市,,2024/1/5 6:12 PM,36.36000000 ,138.33277778 ,19.45,0.09,,,
長野県,東御市,,2024/1/5 6:35 PM,36.36916667 ,138.37722222 ,20.13,0.06,,,
長野県,安曇野市,安曇野市穂高 穂高会館,2024/1/5 8:05 PM,36.34583333 ,137.88388889 ,19.59,0.08,住宅地域,,○
長野県,安曇野市,安曇野市穂高牧 安曇野公園穂高,2024/1/5 7:32 PM,36.32083333 ,137.84388889 ,20.26,0.11,農業地域,,○
長野県,安曇野市,安曇野市豊科 安曇野市役所,2024/1/5 7:48 PM,36.30416667 ,137.90527778 ,19.40,0.09,住宅地域,,○
長野県,安曇野市,,2024/1/6 6:54 PM,36.34361111 ,137.95250000 ,20.37,0.09,,,
長野県,安曇野市,,2024/1/6 7:02 PM,36.35638889 ,137.93416667 ,20.16,0.06,,,
長野県,安曇野市,,2024/1/6 7:12 PM,36.33944444 ,137.91583333 ,20.00,0.08,,,
長野県,安曇野市,,2024/1/6 7:21 PM,36.32083333 ,137.92250000 ,19.74,0.09,,,
長野県,安曇野市,,2024/1/6 7:33 PM,36.30083333 ,137.92111111 ,18.47,0.09,,,
長野県,南牧村,南佐久郡南牧村野辺山,2024/1/12 6:50 PM,35.96166667 ,138.46222222 ,20.76,0.05,住宅地域,,○
長野県,南牧村,,2024/1/5 7:11 PM,35.97777778 ,138.47527778 ,20.82,0.11,,,
長野県,南牧村,国立天文台野辺山宇宙電波観測所内,2024/1/5 7:27 PM,35.94138889 ,138.47277778 ,20.76,0.10,農業地域,,○
長野県,北相木村,南佐久郡北相木村栃原,2024/1/4 7:13 PM,36.06138889 ,138.51638889 ,20.91,0.09,森林山間地,,○
長野県,佐久穂町,,2024/1/9 7:15 PM,36.15277778 ,138.48944444 ,20.20,0.04,,,
長野県,下諏訪町,諏訪郡下諏訪町八島湿原,2024/1/2 7:23 PM,36.12027778 ,138.15972222 ,20.93,0.08,自然公園等,,○
長野県,下諏訪町,,2024/1/8 6:34 PM,36.06972222 ,138.07861111 ,19.13,0.09,,,
長野県,下諏訪町,下諏訪町赤砂崎公園,2024/1/8 6:49 PM,36.05916667 ,138.07833333 ,19.50,0.09,自然公園等,,○
長野県,下諏訪町,,2024/1/14 7:17 PM,36.08333333 ,138.12722222 ,20.24,0.09,,,
長野県,富士見町,,2024/1/5 8:22 PM,35.91861111 ,138.28055556 ,20.81,0.09,,,
長野県,富士見町,,2024/1/11 6:46 PM,35.87750000 ,138.27861111 ,20.55,0.08,,,
長野県,富士見町,,2024/1/11 7:16 PM,35.91361111 ,138.24000000 ,19.77,0.08,,,
長野県,原村,八ヶ岳自然文化園,2024/1/8 7:38 PM,35.97166667 ,138.26722222 ,20.88,0.09,自然公園等,,○
長野県,原村,,2024/1/12 7:42 PM,35.97333333 ,138.26305556 ,20.32,0.15,,,
長野県,原村,,2024/1/14 8:14 PM,35.97055556 ,138.27027778 ,20.18,0.12,,,
長野県,原村,,2024/1/14 8:23 PM,35.97333333 ,138.26305556 ,19.09,0.16,,,
長野県,原村,,2024/1/11 7:34 PM,35.96416667 ,138.21833333 ,20.37,0.09,,,
長野県,原村,,2024/1/11 8:00 PM,35.97361111 ,138.26305556 ,20.75,0.07,,,
長野県,辰野町,,2024/1/14 7:13 PM,35.99055556 ,137.97944444 ,19.93,0.06,,,
長野県,辰野町,,2024/1/14 7:22 PM,35.98222222 ,137.98750000 ,19.56,0.05,,,
長野県,辰野町,,2024/1/14 7:36 PM,35.94944444 ,137.97361111 ,19.97,0.12,,,
長野県,辰野町,,2024/1/11 7:49 PM,35.96833333 ,137.99500000 ,19.88,0.09,,,
長野県,辰野町,,2024/1/11 8:03 PM,35.97888889 ,137.98305556 ,20.05,0.08,,,
長野県,辰野町,,2024/1/11 8:11 PM,35.98250000 ,137.98666667 ,19.77,0.06,,,
長野県,箕輪町,上伊那郡箕輪町 箕輪北小学校グランド,2024/1/5 6:37 PM,35.93388889 ,137.98305556 ,19.79,0.14,住宅地域,,○
長野県,箕輪町,JR木ノ下駅周辺,2024/1/8 7:27 PM,35.89916667 ,137.98750000 ,19.50,0.26,住宅地域,,○
長野県,箕輪町,,2024/1/9 8:06 PM,35.88777778 ,138.00500000 ,19.86,0.10,,,
長野県,箕輪町,,2024/1/14 8:23 PM,35.92305556 ,137.94388889 ,19.69,0.29,,,
長野県,箕輪町,,2024/1/11 7:19 PM,35.88555556 ,137.99444444 ,19.46,0.11,,,
長野県,箕輪町,,2024/1/11 7:29 PM,35.91000000 ,137.99861111 ,19.73,0.07,,,
長野県,南箕輪村,,2024/1/5 7:04 PM,35.85555556 ,137.94694444 ,19.62,0.15,,,
長野県,宮田村,,2024/1/5 7:58 PM,35.75194444 ,137.91277778 ,20.06,0.09,,,
長野県,松川町,,2024/1/9 7:06 PM,35.61416667 ,137.87416667 ,20.70,0.07,,,
長野県,高森町,,2024/1/9 6:35 PM,35.56583333 ,137.85583333 ,20.40,0.09,,,
長野県,高森町,,2024/1/9 6:53 PM,35.58638889 ,137.87138889 ,20.61,0.08,,,
長野県,高森町,,2024/1/13 6:55 PM,35.55194444 ,137.87916667 ,19.94,0.10,,,
長野県,阿智村,下伊那郡阿智村伍和 栗矢観測所,2024/1/8 7:50 PM,35.41083333 ,137.74972222 ,21.02,0.07,農業地域,,○
長野県,阿智村,下伊那郡阿智村伍和 栗矢観測所,2024/1/8 8:05 PM,35.41083333 ,137.75000000 ,21.05,0.09,農業地域,,○
長野県,阿智村,,2024/1/11 8:01 PM,35.44027778 ,137.75111111 ,20.69,0.07,,,
長野県,阿智村,,2024/1/11 7:41 PM,35.45888889 ,137.66777778 ,20.84,0.08,,,
長野県,阿智村,,2024/1/11 7:32 PM,35.44361111 ,137.66055556 ,20.91,0.09,,,
長野県,阿智村,,2024/1/11 7:17 PM,35.45416667 ,137.71583333 ,20.54,0.10,,,
長野県,阿智村,,2024/1/13 8:15 PM,35.43916667 ,137.65222222 ,20.12,0.36,,,
長野県,下條村,,2024/1/11 8:29 PM,35.38916667 ,137.77111111 ,21.09,0.09,,,
長野県,下條村,,2024/1/11 8:18 PM,35.41194444 ,137.79777778 ,20.85,0.09,,,
長野県,下條村,,2024/1/11 8:40 PM,35.40055556 ,137.75333333 ,21.06,0.09,,,
長野県,喬木村,,2024/1/9 8:17 PM,35.50361111 ,137.89277778 ,20.41,0.09,,,
長野県,喬木村,,2024/1/13 7:25 PM,35.51472222 ,137.87555556 ,19.77,0.09,,,
長野県,豊丘村,,2024/1/9 7:43 PM,35.57111111 ,137.90888889 ,20.10,0.08,,,
長野県,豊丘村,,2024/1/13 7:08 PM,35.55166667 ,137.89611111 ,20.12,0.09,,,
長野県,大鹿村,,2024/1/4 8:52 PM,35.53777778 ,138.03250000 ,20.44,0.11,,参考値（時間外）,
長野県,大鹿村,,2024/1/4 8:31 PM,35.57777778 ,138.03444444 ,21.16,0.13,,,
長野県,大鹿村,,2024/1/4 7:58 PM,35.56083333 ,138.03500000 ,21.13,0.14,,,
長野県,大鹿村,,2024/1/4 7:18 PM,35.59750000 ,138.07916667 ,21.09,0.22,,,
長野県,大鹿村,,2024/1/8 7:29 PM,35.60194444 ,138.07138889 ,21.20,0.07,,,
長野県,大鹿村,,2024/1/8 9:40 PM,35.53805556 ,138.03305556 ,21.33,0.23,,参考値（時間外）,
長野県,大鹿村,,2024/1/9 8:05 PM,35.54333333 ,138.04416667 ,21.37,0.11,,,
長野県,大鹿村,,2024/1/11 8:40 PM,35.54305556 ,138.04416667 ,21.26,0.15,,,
長野県,大鹿村,,2024/1/11 8:16 PM,35.56138889 ,138.03444444 ,21.03,0.11,,,
長野県,大鹿村,,2024/1/11 7:57 PM,35.57805556 ,138.03416667 ,20.95,0.12,,,
長野県,大鹿村,,2024/1/11 7:13 PM,35.60194444 ,138.07111111 ,21.06,0.10,,,
長野県,大鹿村,,2024/1/11 7:28 PM,35.59750000 ,138.07916667 ,21.12,0.13,,,
長野県,上松町,木曽の桟,2024/1/5 6:39 PM,35.80805556 ,137.68722222 ,20.95,0.08,森林山間地,,○
長野県,上松町,上松駅前,2024/1/5 6:50 PM,35.78361111 ,137.69333333 ,20.01,0.08,商業地域,,○
長野県,上松町,木曽郡上松町倉本,2024/1/5 7:06 PM,35.72277778 ,137.71527778 ,21.13,0.07,その他,,○
長野県,南木曽町,天白公園駐車場,2024/1/5 7:35 PM,35.59916667 ,137.60611111 ,20.54,0.06,自然公園等,,○
長野県,南木曽町,田立小学校,2024/1/5 7:52 PM,35.59055556 ,137.55000000 ,20.74,0.07,住宅地域,,○
長野県,木祖村,木祖村郷土館脇,2024/1/14 6:36 PM,35.93138889 ,137.78333333 ,20.56,0.08,商業地域,,○
長野県,木祖村,,2024/1/8 7:34 PM,35.96777778 ,137.74666667 ,21.22,0.11,,,
長野県,木祖村,木祖村郷土館脇,2024/1/8 7:53 PM,35.93138889 ,137.78305556 ,20.54,0.09,商業地域,,○
長野県,王滝村,東京大学木曽観測所,2024/1/4 7:31 PM,35.79666667 ,137.62361111 ,21.22,0.08,森林山間地,,○
長野県,大桑村,大桑中学校,2024/1/5 7:17 PM,35.68833333 ,137.67166667 ,20.96,0.07,住宅地域,,○
長野県,木曽町,,2024/1/12 8:13 PM,35.91361111 ,137.54555556 ,21.16,0.18,,,
長野県,木曽町,木曽町三岳倉本,2024/1/2 6:18 PM,35.89611111 ,137.58611111 ,21.44,0.09,森林山間地,,○
長野県,木曽町,開田高原水芭蕉園,2024/1/2 6:51 PM,35.96611111 ,137.57444444 ,21.55,0.07,自然公園等,,○
長野県,木曽町,木曽馬の里,2024/1/2 7:28 PM,35.93250000 ,137.62944444 ,21.50,0.11,その他,,○
長野県,木曽町,開田高原保健休養地テニスコート,2024/1/2 8:02 PM,35.91861111 ,137.55638889 ,21.56,0.09,森林山間地,,○
長野県,木曽町,,2024/1/14 6:43 PM,35.94722222 ,137.63916667 ,21.15,0.12,,,
長野県,木曽町,,2024/1/14 7:04 PM,35.93472222 ,137.61722222 ,21.01,0.12,,,
長野県,木曽町,,2024/1/14 7:34 PM,35.94027778 ,137.60055556 ,20.71,0.15,,,
長野県,木曽町,,2024/1/14 8:07 PM,35.93861111 ,137.57138889 ,20.61,0.20,,,
長野県,木曽町,宮ノ越駅前,2024/1/14 6:21 PM,35.88777778 ,137.76333333 ,20.68,0.08,住宅地域,,○
長野県,木曽町,道の駅日義木曽駒高原,2024/1/14 6:53 PM,35.86638889 ,137.74027778 ,20.34,0.08,住宅地域,,○
長野県,木曽町,木曽合同庁舎脇,2024/1/14 7:08 PM,35.83888889 ,137.68750000 ,20.15,0.08,商業地域,,○
長野県,山形村,山形村 ミラ フード館 ,2024/1/6 6:21 PM,36.16722222 ,137.87888889 ,19.42,0.10,農業地域,,○
長野県,朝日村,朝日小学校付近,2024/1/5 6:28 PM,36.12750000 ,137.86333333 ,20.30,0.09,住宅地域,,○
長野県,池田町,,2024/1/6 8:20 PM,36.42138889 ,137.87500000 ,19.60,0.10,,,
長野県,池田町,,2024/1/8 7:11 PM,36.43694444 ,137.88166667 ,20.72,0.08,,,
長野県,池田町,,2024/1/8 7:30 PM,36.45166667 ,137.89277778 ,20.75,0.10,,,
長野県,池田町,,2024/1/8 7:50 PM,36.42777778 ,137.87694444 ,20.39,0.06,,,
長野県,松川村,,2024/1/6 8:28 PM,36.42555556 ,137.85777778 ,19.19,0.35,,,
長野県,白馬村,,2024/1/4 6:32 PM,36.63305556 ,137.85750000 ,20.43,0.11,,,
長野県,白馬村,,2024/1/4 7:04 PM,36.70861111 ,137.89305556 ,20.72,0.18,,,
長野県,小谷村,,2024/1/4 7:22 PM,36.75361111 ,137.87305556 ,20.28,0.08,,,
長野県,小谷村,,2024/1/4 7:29 PM,36.76083333 ,137.89694444 ,19.51,0.47,,参考値（薄雲）,
長野県,小谷村,,2024/1/4 7:46 PM,36.80472222 ,137.90833333 ,20.76,0.40,,,
長野県,小谷村,,2024/1/4 8:00 PM,36.83861111 ,137.90111111 ,20.97,0.28,,,
長野県,坂城町,,2024/1/2 7:04 PM,36.43444444 ,138.19472222 ,19.87,0.08,,,
長野県,小川村,小川天文台,2024/1/5 6:28 PM,36.66000000 ,137.98722222 ,20.99,0.07,森林山間地,,○
長野県,小川村,,2024/1/11 8:13 PM,36.65861111 ,137.98666667 ,21.03,0.06,,,
岐阜県,高山市,,2024/1/4 8:11 PM,36.25277778 ,137.30444444 ,21.21,0.08,,,
岐阜県,高山市,,2024/1/11 7:28 PM,36.25250000 ,137.30472222 ,21.22,0.12,,,
岐阜県,可児市,可児市 天体ドーム横,2024/1/13 8:25 PM,35.39666667 ,137.05861111 ,18.82,0.10,住宅地域,,○
岐阜県,揖斐川町,揖斐川町西横山,2024/1/4 8:02 PM,35.57583333 ,136.45750000 ,20.66,0.10,森林山間地,,○
静岡県,静岡市　葵区,,2024/1/14 10:32 PM,34.97888889 ,138.38361111 ,18.15,0.09,,参考値（時間外）,
静岡県,静岡市　葵区,,2024/1/15 6:52 PM,35.00972222 ,138.36388889 ,18.90,0.08,,,
静岡県,清水町,,2024/1/2 7:26 PM,35.10138889 ,138.89333333 ,18.29,0.09,,,
愛知県,名古屋市　中区,名古屋市科学館,2024/1/8 6:58 PM,35.16472222 ,136.89944444 ,16.66,0.11,商業地域,,○
愛知県,春日井市,,2024/1/15 6:42 PM,35.24861111 ,136.95888889 ,17.34,0.07,,,
愛知県,豊田市,,2024/1/6 6:35 PM,35.05305556 ,137.12500000 ,17.22,0.10,,,
愛知県,豊田市,,2024/1/13 7:32 PM,35.07694444 ,137.15305556 ,17.65,0.09,,,
愛知県,みよし市,,2024/1/9 7:34 PM,35.10944444 ,137.11777778 ,17.43,0.07,,,
愛知県,設楽町,,2024/1/4 7:11 PM,35.06361111 ,137.55000000 ,20.13,0.06,,,
愛知県,設楽町,奥三河総合センター,2024/1/4 7:25 PM,35.09361111 ,137.57361111 ,20.51,0.07,住宅地域,,○
愛知県,設楽町,道の駅つぐ高原グリーンパーク,2024/1/4 7:57 PM,35.19861111 ,137.60638889 ,20.88,0.06,自然公園等,,○
愛知県,設楽町,道の駅つぐ高原グリーンパーク,2024/1/8 7:45 PM,35.20111111 ,137.60444444 ,20.60,0.10,自然公園等,,○
愛知県,設楽町,道の駅つぐ高原グリーンパーク,2024/1/8 7:44 PM,35.20083333 ,137.60416667 ,20.58,0.12,自然公園等,,○
愛知県,東栄町,,2024/1/14 6:42 PM,35.12027778 ,137.72250000 ,20.72,0.10,,,
愛知県,東栄町,,2024/1/14 7:30 PM,35.08055556 ,137.71611111 ,20.92,0.10,,,
愛知県,豊根村,茶臼山高原(愛知県北設楽郡豊根村),2024/1/8 8:06 PM,35.22222222 ,137.65944444 ,20.71,0.11,自然公園等,,○
愛知県,豊根村,茶臼山高原(愛知県北設楽郡豊根村),2024/1/8 8:05 PM,35.22194444 ,137.65916667 ,20.68,0.09,自然公園等,,○
三重県,亀山市,鈴鹿峠自然の家,2024/1/4 8:24 PM,34.88222222 ,136.36000000 ,19.87,0.09,森林山間地,,○
三重県,亀山市,鈴鹿峠自然の家,2024/1/5 8:20 PM,34.88222222 ,136.36000000 ,19.63,0.09,森林山間地,,○
三重県,熊野市,,2024/1/13 7:20 PM,33.90000000 ,136.13805556 ,21.36,0.17,,,
三重県,熊野市,,2024/1/13 7:21 PM,33.90000000 ,136.13805556 ,21.41,0.13,,,
京都府,京都市　左京区,京都市左京区 鴨川河川敷,2024/1/2 6:44 PM,35.01166667 ,135.77194444 ,17.06,0.07,住宅地域,,○
京都府,京都市　右京区,,2024/1/10 7:10 PM,34.99888889 ,135.71861111 ,17.34,0.10,,,
京都府,京都市　右京区,,2024/1/11 6:48 PM,34.99888889 ,135.71861111 ,17.21,0.09,,,
京都府,京都市　右京区,,2024/1/12 7:25 PM,34.99916667 ,135.71888889 ,16.89,0.07,,,
京都府,京都市　上京区,上京区主税町,2024/1/9 8:21 PM,35.01666667 ,135.74611111 ,16.97,0.12,商業地域,,○
京都府,京都市　右京区,,2024/1/13 7:21 PM,34.99916667 ,135.71861111 ,17.29,0.13,,,
京都府,和束町,相楽郡和束町杣田,2024/1/4 8:08 PM,34.78833333 ,135.90416667 ,19.48,0.11,農業地域,,○
大阪府,大阪市　北区,,2024/1/11 7:49 PM,34.70222222 ,135.49777778 ,15.27,0.50,,参考値（薄雲）,
大阪府,大阪市　淀川区,,2024/1/10 8:07 PM,34.73388889 ,135.49777778 ,16.51,0.12,,,
大阪府,枚方市,枚方市 ひらパー,2024/1/4 8:21 PM,34.81000000 ,135.64055556 ,17.52,0.06,住宅地域,,○
大阪府,枚方市,枚方市 ひらパー,2024/1/11 8:04 PM,34.81000000 ,135.64055556 ,17.30,0.07,住宅地域,,○
大阪府,茨木市,,2024/1/7 7:36 PM,34.81777778 ,135.55861111 ,16.83,0.23,,,
兵庫県,神戸市　長田区,神戸市長田区鹿松町,2024/1/2 7:33 PM,34.68361111 ,135.13305556 ,18.08,0.08,住宅地域,,○
兵庫県,神戸市　長田区,神戸市長田区鹿松町,2024/1/4 6:49 PM,34.68361111 ,135.13250000 ,18.19,0.08,住宅地域,,○
兵庫県,神戸市　長田区,神戸市長田区鹿松町,2024/1/7 7:57 PM,34.68361111 ,135.13250000 ,18.06,0.13,住宅地域,,○
兵庫県,神戸市　長田区,神戸市長田区鹿松町,2024/1/8 7:41 PM,34.68361111 ,135.13333333 ,18.20,0.12,住宅地域,,○
兵庫県,神戸市　長田区,神戸市長田区鹿松町,2024/1/7 7:57 PM,34.68361111 ,135.13250000 ,18.06,0.13,住宅地域,,○
兵庫県,神戸市　長田区,神戸市長田区鹿松町,2024/1/4 6:50 PM,34.68361111 ,135.13277778 ,18.15,0.09,住宅地域,,○
兵庫県,神戸市　中央区,,2024/1/13 7:33 PM,34.69444444 ,135.19388889 ,15.64,0.46,,参考値（薄雲）,
兵庫県,神戸市　垂水区,兵庫県立舞子高等学校屋上,2024/1/4 5:57 PM,34.65527778 ,135.05527778 ,17.85,0.09,住宅地域,,○
兵庫県,神戸市　垂水区,兵庫県立舞子高等学校屋上,2024/1/5 5:48 PM,34.65527778 ,135.05527778 ,16.61,0.15,住宅地域,,○
兵庫県,神戸市　垂水区,兵庫県立舞子高等学校屋上,2024/1/9 5:48 PM,34.65527778 ,135.05527778 ,15.99,0.15,住宅地域,,○
兵庫県,神戸市　垂水区,兵庫県立舞子高等学校屋上,2024/1/10 6:38 PM,34.65527778 ,135.05527778 ,17.83,0.07,住宅地域,,○
兵庫県,神戸市　垂水区,兵庫県立舞子高等学校屋上,2024/1/11 7:44 PM,34.65527778 ,135.05527778 ,17.74,0.15,住宅地域,,○
兵庫県,神戸市　垂水区,兵庫県立舞子高等学校屋上,2024/1/12 6:37 PM,34.65527778 ,135.05500000 ,17.02,0.36,住宅地域,参考値（薄雲）,○
兵庫県,神戸市　西区,神戸市西区井吹台 西神南,2024/1/4 6:20 PM,34.69833333 ,135.03166667 ,18.12,0.06,住宅地域,,○
兵庫県,神戸市　西区,神戸市西区井吹台 西神南,2024/1/5 8:33 PM,34.69861111 ,135.03194444 ,17.86,0.02,住宅地域,,○
兵庫県,神戸市　西区,神戸市西区井吹台 西神南,2024/1/8 7:07 PM,34.69861111 ,135.03166667 ,18.13,0.10,住宅地域,,○
兵庫県,神戸市　西区,神戸市西区井吹台 西神南,2024/1/9 8:00 PM,34.69861111 ,135.03166667 ,17.67,0.09,住宅地域,,○
兵庫県,神戸市　西区,神戸市西区井吹台 西神南,2024/1/10 10:02 PM,34.69833333 ,135.03194444 ,18.17,0.09,住宅地域,参考値（時間外）,○
兵庫県,神戸市　西区,神戸市西区井吹台 西神南,2024/1/11 8:34 PM,34.69833333 ,135.03166667 ,18.14,0.05,住宅地域,,○
兵庫県,神戸市　西区,神戸市西区井吹台 西神南,2024/1/12 7:25 PM,34.69833333 ,135.03166667 ,18.80,0.09,住宅地域,,○
兵庫県,神戸市　西区,神戸市西区井吹台 西神南,2024/1/13 6:30 PM,34.69833333 ,135.03166667 ,19.02,0.05,住宅地域,,○
兵庫県,神戸市　西区,神戸市西区井吹台 西神南,2024/1/14 7:43 PM,34.69833333 ,135.03166667 ,,,住宅地域,測定不可（カメラブレ）,○
兵庫県,西宮市,,2024/1/4 8:08 PM,34.75111111 ,135.36166667 ,17.46,0.14,,,
兵庫県,西脇市,,2024/1/14 6:48 PM,34.99972222 ,134.99861111 ,19.54,0.11,,,
兵庫県,淡路市,淡路市久留麻 淡路,2024/1/5 7:45 PM,34.57694444 ,135.02500000 ,16.16,0.27,その他,参考値（薄雲）,○
兵庫県,淡路市,淡路市久留麻 淡路,2024/1/9 6:15 PM,34.57750000 ,135.02500000 ,19.00,0.14,その他,,○
兵庫県,淡路市,淡路市久留麻 淡路,2024/1/11 8:05 PM,34.57888889 ,135.02472222 ,19.45,0.07,その他,,○
兵庫県,淡路市,淡路市久留麻 淡路,2024/1/12 7:04 PM,34.57805556 ,135.02527778 ,17.27,0.08,その他,,○
兵庫県,稲美町,,2024/1/11 7:34 PM,34.73250000 ,134.90916667 ,18.41,0.08,,,
奈良県,十津川村,,2023/12/29 6:38 PM,33.98472222 ,135.79750000 ,21.19,0.15,,,
和歌山県,和歌山市,和歌山県和歌山市中之島,2024/1/2 8:30 PM,34.24583333 ,135.18555556 ,,,住宅地域,測定不可（方向エラー）,○
和歌山県,田辺市,,2024/1/1 8:08 PM,33.77500000 ,135.50638889 ,21.02,0.11,,,
和歌山県,田辺市,,2024/1/1 7:00 PM,33.83472222 ,135.65361111 ,21.66,0.17,,,
和歌山県,紀美野町,和歌山県海草郡紀美野町　みさと天文台,2024/1/5 6:49 PM,34.14472222 ,135.40833333 ,20.42,0.02,森林山間地,,○
和歌山県,紀美野町,和歌山県海草郡紀美野町　みさと天文台,2024/1/8 7:51 PM,34.14444444 ,135.40666667 ,20.67,0.11,森林山間地,,○
和歌山県,すさみ町,,2024/1/2 7:34 PM,33.50527778 ,135.58805556 ,21.47,0.26,,,
和歌山県,すさみ町,,2024/1/4 7:26 PM,33.50500000 ,135.58833333 ,21.44,0.15,,,
和歌山県,すさみ町,,2024/1/5 6:54 PM,33.50416667 ,135.58916667 ,21.28,0.10,,,
和歌山県,古座川町,和歌山県東牟婁郡古座川町佐田,2024/1/5 6:31 PM,33.59333333 ,135.69750000 ,21.39,0.06,森林山間地,,○
和歌山県,古座川町,和歌山県東牟婁郡古座川町佐田,2024/1/5 6:58 PM,33.59333333 ,135.69750000 ,21.40,0.06,森林山間地,,○
和歌山県,古座川町,和歌山県東牟婁郡古座川町佐田,2024/1/5 7:50 PM,33.59333333 ,135.69750000 ,21.43,0.04,森林山間地,,○
和歌山県,古座川町,和歌山県東牟婁郡古座川町佐田,2024/1/8 9:32 PM,33.59333333 ,135.69750000 ,21.11,0.15,森林山間地,参考値（時間外）,○
和歌山県,古座川町,和歌山県東牟婁郡古座川町佐田,2024/1/8 9:59 PM,33.59333333 ,135.69750000 ,20.38,0.32,森林山間地,参考値（時間外）,○
鳥取県,鳥取市,さじアストロパーク園地,2024/1/4 7:42 PM,35.34194444 ,134.11944444 ,21.11,0.11,森林山間地,,○
鳥取県,鳥取市,,2024/1/4 7:49 PM,35.33055556 ,134.10555556 ,21.26,0.07,,,
鳥取県,鳥取市,,2024/1/4 8:07 PM,35.33027778 ,134.05972222 ,21.26,0.09,,,
鳥取県,鳥取市,,2024/1/4 8:03 PM,35.34277778 ,134.15972222 ,21.02,0.09,,,
鳥取県,鳥取市,鳥取県鳥取市用瀬町鷹狩,2024/1/4 8:19 PM,35.35694444 ,134.20472222 ,20.84,0.09,農業地域,,○
鳥取県,鳥取市,鳥取市河原町曳田 桜広場駐車場,2024/1/4 8:32 PM,35.39361111 ,134.20027778 ,20.44,0.08,住宅地域,,○
鳥取県,鳥取市,鳥取市倉田 倉田スポーツ広場,2024/1/8 7:08 PM,35.44750000 ,134.21194444 ,20.13,0.09,その他,,○
鳥取県,鳥取市,鳥取市幸町 幸町棒鼻公園,2024/1/8 7:25 PM,35.49444444 ,134.21944444 ,18.42,0.11,住宅地域,,○
鳥取県,鳥取市,,2024/1/8 8:14 PM,35.49777778 ,134.15527778 ,20.32,0.09,,,
鳥取県,鳥取市,鳥取砂丘駐車場,2024/1/8 8:37 PM,35.54472222 ,134.23694444 ,20.36,0.10,自然公園等,,○
鳥取県,鳥取市,,2024/1/11 7:07 PM,35.35694444 ,134.17555556 ,20.93,0.13,,,
鳥取県,鳥取市,,2024/1/8 7:49 PM,35.50694444 ,134.23694444 ,19.18,0.08,,,
鳥取県,鳥取市,,2024/1/4 7:06 PM,35.32694444 ,134.04083333 ,21.36,0.09,,,
鳥取県,米子市,,2024/1/4 6:56 PM,35.39888889 ,133.41777778 ,20.28,0.06,,,
鳥取県,米子市,,2024/1/4 7:56 PM,35.42277778 ,133.42194444 ,20.27,0.09,,,
鳥取県,米子市,,2024/1/4 8:08 PM,35.45250000 ,133.41833333 ,20.16,0.08,,,
鳥取県,米子市,,2024/1/11 6:49 PM,35.42833333 ,133.33111111 ,18.48,0.08,,,
鳥取県,米子市,,2024/1/11 7:00 PM,35.42111111 ,133.33277778 ,18.55,0.10,,,
鳥取県,米子市,,2024/1/11 7:07 PM,35.42944444 ,133.32111111 ,18.92,0.09,,,
鳥取県,米子市,,2024/1/11 7:16 PM,35.44527778 ,133.28444444 ,19.69,0.09,,,
鳥取県,米子市,,2024/1/11 8:38 PM,35.43027778 ,133.34583333 ,18.92,0.08,,,
鳥取県,倉吉市,倉吉市関金町関金宿,2024/1/12 8:11 PM,35.35611111 ,133.76027778 ,21.15,0.06,農業地域,,○
鳥取県,境港市,,2024/1/11 7:33 PM,35.50138889 ,133.24472222 ,18.93,0.22,,,
鳥取県,境港市,,2024/1/11 7:48 PM,35.53861111 ,133.23222222 ,19.06,0.09,,,
鳥取県,境港市,,2024/1/11 7:56 PM,35.54694444 ,133.24250000 ,19.71,0.08,,,
鳥取県,境港市,,2024/1/11 8:05 PM,35.52055556 ,133.25916667 ,19.59,0.11,,,
鳥取県,若桜町,,2024/1/11 8:31 PM,35.34416667 ,134.40138889 ,20.85,0.10,,,
鳥取県,智頭町,,2024/1/14 7:09 PM,35.26444444 ,134.27638889 ,20.92,0.11,,,
鳥取県,智頭町,,2024/1/14 7:23 PM,35.26416667 ,134.22666667 ,20.19,0.09,,,
鳥取県,智頭町,,2024/1/14 7:36 PM,35.23944444 ,134.22944444 ,20.92,0.10,,,
鳥取県,智頭町,,2024/1/14 7:53 PM,35.19250000 ,134.20361111 ,20.95,0.09,,,
鳥取県,智頭町,,2024/1/14 8:18 PM,35.25027778 ,134.18944444 ,20.89,0.05,,,
鳥取県,智頭町,,2024/1/14 8:36 PM,35.29000000 ,134.22611111 ,20.99,0.06,,,
鳥取県,八頭町,,2024/1/11 7:44 PM,35.39472222 ,134.24944444 ,20.57,0.08,,,
鳥取県,八頭町,,2024/1/11 8:00 PM,35.36333333 ,134.31555556 ,20.78,0.07,,,
鳥取県,大山町,,2024/1/4 7:35 PM,35.39472222 ,133.53055556 ,20.76,0.05,,,
鳥取県,大山町,,2024/1/4 7:44 PM,35.40722222 ,133.47861111 ,21.04,0.05,,,
鳥取県,伯耆町,,2024/1/4 7:03 PM,35.39055556 ,133.43611111 ,20.66,0.07,,,
鳥取県,伯耆町,,2024/1/4 7:10 PM,35.38055556 ,133.46750000 ,20.98,0.06,,,
鳥取県,伯耆町,,2024/1/4 7:20 PM,35.37666667 ,133.51027778 ,21.16,0.05,,,
鳥取県,伯耆町,,2024/1/4 7:25 PM,35.37000000 ,133.51472222 ,21.05,0.08,,,
鳥取県,日南町,日南町上萩山,2024/1/8 8:24 PM,35.13611111 ,133.16944444 ,21.35,0.14,農業地域,,○
鳥取県,日南町,日南町上萩山,2024/1/11 8:24 PM,35.13611111 ,133.16944444 ,21.41,0.09,農業地域,,○
鳥取県,日南町,日南町上萩山,2024/1/11 8:23 PM,35.13638889 ,133.16944444 ,21.38,0.09,農業地域,,○
鳥取県,日南町,日南町上萩山,2024/1/14 8:11 PM,35.13611111 ,133.16944444 ,21.39,0.07,農業地域,,○
鳥取県,日南町,,2024/1/14 7:43 PM,35.17111111 ,133.31083333 ,20.91,0.11,,,
鳥取県,日野町,,2024/1/14 7:26 PM,35.20638889 ,133.38361111 ,21.06,0.10,,,
鳥取県,江府町,,2024/1/14 7:02 PM,35.28277778 ,133.48500000 ,20.66,0.07,,,
島根県,松江市,島根県松江市八束町　八束千本桜公園,2024/1/4 8:21 PM,35.50166667 ,133.15972222 ,20.79,0.05,農業地域,,○
島根県,浜田市,浜田市三隅町 三保公民館,2024/1/8 7:59 PM,34.78916667 ,131.94305556 ,20.62,0.19,住宅地域,,○
島根県,浜田市,浜田市竹迫町 海の見える文化公園,2024/1/16 8:50 PM,34.88694444 ,132.07583333 ,20.68,0.10,住宅地域,,○
岡山県,岡山市　北区,河原邸,2024/1/4 7:30 PM,34.82444444 ,133.85611111 ,19.61,0.08,森林山間地,,○
岡山県,倉敷市,倉敷市 ライフパーク倉敷科学センター 屋上,2024/1/6 7:54 PM,34.53611111 ,133.76916667 ,18.29,0.05,工業地域,,○
岡山県,倉敷市,倉敷市 ライフパーク倉敷科学センター 屋上,2024/1/11 7:40 PM,34.53583333 ,133.76916667 ,18.24,0.06,工業地域,,○
岡山県,倉敷市,倉敷市 ライフパーク倉敷科学センター 屋上,2024/1/13 7:53 PM,34.53555556 ,133.76888889 ,18.32,0.07,工業地域,,○
岡山県,井原市,井原市美星天文台,2024/1/7 8:09 PM,34.67166667 ,133.54527778 ,20.51,0.10,森林山間地,,○
岡山県,赤磐市,,2024/1/14 6:44 PM,34.89388889 ,134.00250000 ,20.55,0.10,,,
岡山県,赤磐市,,2024/1/14 7:55 PM,34.88666667 ,133.98805556 ,20.72,0.08,,,
岡山県,久米南町,,2024/1/14 8:21 PM,34.89277778 ,134.00083333 ,20.81,0.08,,,
岡山県,美咲町,,2024/1/12 8:22 PM,34.96777778 ,134.05666667 ,20.67,0.06,,,
岡山県,美咲町,,2024/1/12 8:13 PM,34.96777778 ,134.05666667 ,20.59,0.06,,,
広島県,広島市　中区,,2024/1/4 7:30 PM,34.39833333 ,132.45388889 ,16.62,0.11,,,
広島県,東広島市,憩いの森公園,2024/1/15 7:45 PM,34.44722222 ,132.73805556 ,19.10,0.14,自然公園等,,○
山口県,山口市,山口県山口市阿東嘉年,2024/1/6 7:13 PM,34.47361111 ,131.65583333 ,21.39,0.26,農業地域,,○
山口県,山口市,山口県山口市阿東嘉年,2024/1/8 7:56 PM,34.47361111 ,131.65583333 ,21.41,0.20,農業地域,,○
山口県,周南市,山口県周南市（周南公立大学敷地内）,2024/1/11 6:25 PM,34.04833333 ,131.84555556 ,,,住宅地域,測定不可（雲量大）,○
徳島県,徳島市,,2024/1/5 9:55 PM,34.09750000 ,134.45777778 ,19.77,0.08,,参考値（時間外）,
徳島県,徳島市,,2024/1/5 9:22 PM,34.07333333 ,134.51527778 ,18.79,0.06,,参考値（時間外）,
徳島県,徳島市,,2024/1/5 8:21 PM,34.06972222 ,134.55750000 ,18.00,0.09,,,
徳島県,徳島市,,2024/1/5 9:35 PM,34.06222222 ,134.47138889 ,19.69,0.06,,参考値（時間外）,
徳島県,徳島市,,2024/1/5 8:56 PM,34.06305556 ,134.60305556 ,19.23,0.11,,,
徳島県,石井町,,2024/1/5 10:13 PM,34.06722222 ,134.44861111 ,19.50,0.12,,参考値（時間外）,
徳島県,石井町,,2024/1/2 8:07 PM,34.06750000 ,134.44861111 ,19.05,0.17,,,
愛媛県,今治市,愛媛県今治市宮窪町宮窪,2024/1/8 7:13 PM,34.17083333 ,133.07888889 ,20.59,0.07,住宅地域,,○
愛媛県,今治市,愛媛県今治市宮窪町宮窪,2024/1/8 7:17 PM,34.17055556 ,133.07888889 ,20.65,0.09,住宅地域,,○
愛媛県,今治市,愛媛県今治市宮窪町宮窪,2024/1/11 8:10 PM,34.17055556 ,133.07888889 ,20.59,0.09,住宅地域,,○
愛媛県,今治市,愛媛県今治市宮窪町宮窪,2024/1/13 8:09 PM,34.17055556 ,133.07888889 ,20.70,0.07,住宅地域,,○
愛媛県,新居浜市,愛媛県総合科学博物館 屋上（愛媛県新居浜市）,2024/1/8 7:17 PM,33.90972222 ,133.24472222 ,19.64,0.07,その他,,○
愛媛県,新居浜市,,2024/1/8 8:38 PM,33.90305556 ,133.30972222 ,19.48,0.13,,,
愛媛県,四国中央市,,2024/1/11 7:43 PM,33.94277778 ,133.53666667 ,20.36,0.08,,,
愛媛県,久万高原町,久万高原天体観測館,2024/1/11 7:18 PM,33.67611111 ,132.93944444 ,21.09,0.09,森林山間地 ,,○
高知県,高知市,土佐塾中学・高等学校,2024/1/4 7:53 PM,33.53611111 ,133.52916667 ,19.08,0.08,その他,,○
高知県,高知市,,2024/1/4 8:27 PM,33.46472222 ,133.47472222 ,20.49,0.05,,,
高知県,高知市,土佐塾中学・高等学校,2024/1/12 7:29 PM,33.53638889 ,133.52916667 ,18.37,0.09,その他,,○
高知県,四万十市,四万十天文台前,2024/1/2 7:01 PM,33.17388889 ,132.79333333 ,21.34,0.09,森林山間地,,○
高知県,四万十市,四万十天文台前,2024/1/5 7:30 PM,33.17388889 ,132.79333333 ,21.04,0.12,森林山間地,,○
高知県,四万十市,四万十天文台前,2024/1/15 7:49 PM,33.17388889 ,132.79333333 ,21.07,0.09,森林山間地,,○
高知県,芸西村,芸西天文台,2024/1/5 8:19 PM,33.53055556 ,133.82500000 ,21.06,0.11,森林山間地,,○
高知県,津野町,,2024/1/4 8:29 PM,33.40944444 ,132.98472222 ,21.42,0.08,,,
高知県,津野町,,2024/1/5 8:13 PM,33.39777778 ,132.97694444 ,21.53,0.09,,,
高知県,津野町,,2024/1/11 7:30 PM,33.40944444 ,132.98472222 ,21.45,0.08,,,
高知県,津野町,,2024/1/11 8:35 PM,33.39777778 ,132.97694444 ,21.52,0.10,,,
高知県,津野町,,2024/1/14 8:43 PM,33.47611111 ,133.00222222 ,21.54,0.10,,,
福岡県,北九州市　戸畑区,九州工業大学 戸畑キャンパス運動場,2024/1/15 8:55 PM,33.89000000 ,130.83972222 ,17.84,0.10,住宅地域,,○
福岡県,福岡市　城南区,福岡市中央区草香江,2024/1/14 9:02 PM,33.57916667 ,130.37250000 ,17.42,0.13,住宅地域,,○
福岡県,八女市,星のふるさと公園 星降る広場,2024/1/4 8:30 PM,33.24277778 ,130.75972222 ,20.68,0.08,森林山間地,,○
福岡県,八女市,星のふるさと公園 星降る広場,2024/1/13 8:37 PM,33.24277778 ,130.75972222 ,20.65,0.05,森林山間地,,○
福岡県,八女市,星のふるさと公園 星降る広場,2024/1/13 8:47 PM,33.24250000 ,130.75972222 ,20.72,0.06,森林山間地,,○
福岡県,太宰府市,,2024/1/15 9:04 PM,33.52416667 ,130.54055556 ,18.83,0.08,,,
熊本県,熊本市　北区,,2024/1/4 8:52 PM,32.83138889 ,130.73888889 ,18.41,0.14,,,
熊本県,天草市,熊本県天草市,2024/1/13 8:10 PM,32.45333333 ,130.12222222 ,21.07,0.10,森林山間地,,○
熊本県,山都町,清和高原天文台,2024/1/11 7:54 PM,32.74111111 ,131.09861111 ,21.26,0.10,森林山間地,,○
宮崎県,都城市,宮崎県都城市高崎町,2024/1/5 9:32 PM,31.88000000 ,131.06972222 ,20.59,0.09,住宅地域,参考値（時間外）,○
宮崎県,高千穂町,宮崎県西臼杵郡高千穂町　国見ヶ丘,2024/1/13 8:36 PM,32.71750000 ,131.27694444 ,21.27,0.09,森林山間地,,○
鹿児島県,奄美市,,2024/1/5 7:48 PM,28.44833333 ,129.53444444 ,21.47,0.07,,,
鹿児島県,奄美市,,2024/1/12 9:37 PM,28.33611111 ,129.54222222 ,21.56,0.11,,,
鹿児島県,奄美市,,2024/1/5 7:23 PM,28.29500000 ,129.47416667 ,21.48,0.11,,,
鹿児島県,奄美市,,2024/1/5 7:32 PM,28.29500000 ,129.45694444 ,21.55,0.06,,,
鹿児島県,奄美市,,2024/1/5 7:38 PM,28.29194444 ,129.43638889 ,21.53,0.05,,,
鹿児島県,奄美市,,2024/1/5 7:47 PM,28.26138889 ,129.40805556 ,21.42,0.10,,,
鹿児島県,奄美市,,2024/1/5 7:57 PM,28.23055556 ,129.36583333 ,21.53,0.08,,,
鹿児島県,中種子町,熊毛郡中種子町,2024/1/4 8:46 PM,30.55694444 ,130.97944444 ,21.47,0.13,農業地域,,○
鹿児島県,瀬戸内町,鹿児島県 瀬戸内町高知山,2024/1/2 8:51 PM,28.16888889 ,129.31583333 ,21.67,0.10,森林山間地,,○
鹿児島県,瀬戸内町,鹿児島県 瀬戸内町高知山,2024/1/2 8:49 PM,28.16916667 ,129.31583333 ,21.61,0.10,森林山間地,,○
鹿児島県,瀬戸内町,鹿児島県瀬戸内町油井岳,2024/1/2 8:45 PM,28.17500000 ,129.31250000 ,21.68,0.09,自然公園等,,○
鹿児島県,瀬戸内町,,2024/1/5 8:20 PM,28.19861111 ,129.27250000 ,21.66,0.06,,,
鹿児島県,瀬戸内町,,2024/1/5 8:39 PM,28.18972222 ,129.28861111 ,21.56,0.09,,,
鹿児島県,瀬戸内町,鹿児島県大島郡瀬戸内町瀬戸崎,2024/1/5 8:46 PM,28.14916667 ,129.29611111 ,21.44,0.06,森林山間地,,○
鹿児島県,瀬戸内町,鹿児島県大島郡瀬戸内町阿木名,2024/1/7 8:02 PM,28.17527778 ,129.32666667 ,21.57,0.13,農業地域,,○
鹿児島県,瀬戸内町,,2024/1/8 7:58 PM,28.19305556 ,129.40500000 ,20.90,0.43,,,
鹿児島県,瀬戸内町,,2024/1/14 7:32 PM,28.24333333 ,129.16888889 ,21.47,0.09,,,
鹿児島県,瀬戸内町,,2024/1/14 7:55 PM,28.22944444 ,129.18027778 ,21.30,0.10,,,
鹿児島県,瀬戸内町,,2024/1/14 8:38 PM,28.21583333 ,129.24805556 ,21.10,0.27,,,
鹿児島県,瀬戸内町,,2024/1/14 8:10 PM,28.22666667 ,129.17888889 ,19.12,0.36,,,
鹿児島県,瀬戸内町,,2024/1/14 9:35 PM,28.23222222 ,129.26638889 ,21.47,0.09,,,
鹿児島県,瀬戸内町,鹿児島県大島郡瀬戸内町マネン崎,2024/1/2 8:26 PM,28.13138889 ,129.33694444 ,,,自然公園等,測定不可（設定エラー）,○
鹿児島県,瀬戸内町,鹿児島県瀬戸内町油井岳,2024/1/2 8:26 PM,28.17527778 ,129.31250000 ,,,自然公園等,測定不可（設定エラー）,○
鹿児島県,龍郷町,鹿児島県大島郡龍郷町赤尾木,2024/1/2 8:30 PM,28.41777778 ,129.64000000 ,21.63,0.09,その他,,○
鹿児島県,龍郷町,,2024/1/5 8:07 PM,28.43861111 ,129.55694444 ,21.44,0.09,,,
鹿児島県,龍郷町,,2024/1/5 8:31 PM,28.46805556 ,129.58888889 ,21.57,0.09,,,
鹿児島県,龍郷町,,2024/1/5 8:49 PM,28.47416667 ,129.60055556 ,21.56,0.09,,,
鹿児島県,龍郷町,,2024/1/5 8:38 PM,28.46138889 ,129.61333333 ,21.60,0.10,,,
鹿児島県,龍郷町,,2024/1/5 9:14 PM,28.36777778 ,129.58250000 ,20.17,0.14,,,
鹿児島県,龍郷町,,2024/1/5 8:19 PM,28.45972222 ,129.57055556 ,21.50,0.09,,,
鹿児島県,喜界町,,2024/1/13 7:36 PM,28.33500000 ,130.00611111 ,21.28,0.07,,,
沖縄県,名護市,,2024/1/5 8:15 PM,26.64250000 ,127.98888889 ,20.32,0.09,,,
沖縄県,名護市,,2024/1/7 8:22 PM,26.59305556 ,127.96305556 ,19.08,0.09,,,
沖縄県,名護市,,2024/1/12 9:18 PM,26.67833333 ,128.01250000 ,20.77,0.11,,,
沖縄県,名護市,,2024/1/12 11:40 PM,26.57277778 ,128.13277778 ,21.21,0.08,,参考値（時間外）,
沖縄県,大宜味村,,2024/1/13 7:36 PM,26.64722222 ,128.08361111 ,20.71,0.08,,,
沖縄県,大宜味村,,2024/1/13 8:04 PM,26.65972222 ,128.12222222 ,20.87,0.07,,,
沖縄県,東村,,2024/1/13 8:42 PM,26.63666667 ,128.23611111 ,20.89,0.12,,,
沖縄県,今帰仁村,沖縄県国頭郡今帰仁村今泊　今帰仁城跡内　,2024/1/5 7:25 PM,26.69111111 ,127.92722222 ,20.58,0.09,自然公園等,,○
沖縄県,今帰仁村,沖縄県国頭郡今帰仁村字与那嶺,2024/1/5 7:43 PM,26.69722222 ,127.94805556 ,20.60,0.10,住宅地域,,○
沖縄県,今帰仁村,,2024/1/7 7:30 PM,26.66972222 ,127.96277778 ,20.64,0.07,,,
沖縄県,今帰仁村,,2024/1/5 9:04 PM,26.68222222 ,127.97166667 ,20.11,0.08,,,
沖縄県,今帰仁村,,2024/1/5 9:20 PM,26.69333333 ,127.98194444 ,20.41,0.09,,,
沖縄県,今帰仁村,,2024/1/5 8:38 PM,26.63861111 ,127.96916667 ,20.25,0.11,,,
沖縄県,今帰仁村,,2024/1/12 7:32 PM,26.70722222 ,127.94916667 ,20.90,0.09,,,
沖縄県,今帰仁村,,2024/1/12 10:11 PM,26.69611111 ,128.02027778 ,20.85,0.07,,参考値（時間外）,
沖縄県,本部町,,2024/1/7 9:21 PM,26.64861111 ,127.87277778 ,20.00,0.07,,,
沖縄県,本部町,,2024/1/7 10:19 PM,26.68611111 ,127.89138889 ,20.10,0.11,,参考値（時間外）,
沖縄県,竹富町,波照間島星空観測タワー広場,2024/1/5 8:45 PM,24.06027778 ,123.80444444 ,21.64,0.23,その他,,○
,,,,,,,,,,
