集計区分,地域名,データ数,平均値,標準偏差,最小値,最大値
地方別,北海道,32,20.34,1.39,16.39,21.95
地方別,東北,100,19.99,0.99,15.88,21.8
地方別,関東,122,18.48,1.66,15.07,22.5
地方別,中部,498,20.16,1.08,16.41,21.9
地方別,近畿,81,18.96,1.49,14.51,22.51
地方別,中国,132,20.12,1.1,16.98,21.79
地方別,四国,60,19.22,1.25,16.97,21.62
地方別,九州・沖縄,38,20.24,1.48,15.79,22.1
県別,北海道,32,20.34,1.39,16.39,21.95
県別,岩手県,28,20.26,0.96,18.3,21.77
県別,宮城県,34,19.79,1.13,15.88,21.8
県別,秋田県,5,20.29,0.8,19.3,21.44
県別,福島県,24,19.99,0.73,18.9,21.76
県別,茨城県,7,17.89,0.39,17.43,18.37
県別,栃木県,15,19.17,1.16,17.05,20.83
県別,埼玉県,24,17.74,0.87,16.21,20.43
県別,千葉県,16,18.78,1.29,16.62,20.5
県別,東京都,41,18.62,2.26,15.07,22.5
県別,神奈川県,10,17.76,1.08,16.08,19.89
県別,新潟県,13,20.39,1.07,18.1,21.49
県別,富山県,1,19.8,0,19.8,19.8
県別,石川県,7,20.58,1.13,19.11,21.77
県別,福井県,22,20.88,0.5,19.8,21.5
県別,長野県,386,20.24,0.96,16.92,21.9
県別,岐阜県,5,19.8,0.86,18.7,20.7
県別,静岡県,9,18.68,1.08,17.83,21.14
県別,愛知県,35,19.23,1.75,16.41,21.9
県別,大阪府,7,17.46,0.82,16.78,19.4
県別,兵庫県,42,19.07,1.21,17.01,22.51
県別,奈良県,5,21.24,0.34,20.81,21.7
県別,和歌山県,5,19.77,1.97,15.9,21.3
県別,鳥取県,95,20.4,0.84,18.22,21.61
県別,島根県,3,19.94,1.28,18.45,21.58
県別,広島県,8,19.29,1.32,17.8,21.34
県別,徳島県,9,18.56,0.81,17.5,20.1
県別,香川県,31,18.55,0.61,16.97,19.6
県別,愛媛県,4,21.33,0.11,21.13,21.4
県別,福岡県,9,18.82,1.56,15.79,21.03
県別,熊本県,8,19.89,1.04,18.6,21.84
県別,宮崎県,2,20.71,0.01,20.7,20.72
県別,鹿児島県,4,19.85,1.8,17.65,21.71
県別,沖縄県,12,21.36,0.38,20.78,22.1
県別,青森県,9,19.75,0.99,18.71,21.31
県別,群馬県,9,19.4,1.06,17.43,20.92
県別,山梨県,20,20.03,0.61,18.99,21.11
県別,三重県,9,18.23,1.63,14.51,19.9
県別,滋賀県,8,19.4,0.79,18.32,20.98
県別,京都府,5,17.69,0.98,16.67,19.49
県別,岡山県,22,19.34,1.38,16.98,21.79
県別,山口県,4,19.61,1.02,18.35,20.73
県別,高知県,16,20.35,1.12,18.01,21.62
県別,長崎県,1,20.75,0,20.75,20.75
県別,大分県,2,21.35,0.17,21.17,21.52
市町村別,北海道_函館市,4,18.45,0.45,18,19.2
市町村別,北海道_名寄市,8,20.17,0.78,19.12,21.22
市町村別,北海道_松前町,1,20.8,0,20.8,20.8
市町村別,北海道_弟子屈町,4,21.61,0.22,21.36,21.9
市町村別,岩手県_大船渡市,9,19.66,0.85,18.3,20.77
市町村別,岩手県_久慈市,3,19.18,0.65,18.4,20
市町村別,岩手県_陸前高田市,3,20.71,0.16,20.5,20.88
市町村別,岩手県_奥州市,4,20.8,0.95,19.43,21.77
市町村別,岩手県_雫石町,3,20.96,0.17,20.8,21.2
市町村別,岩手県_洋野町,2,21.57,0.03,21.54,21.6
市町村別,宮城県_仙台市,5,19.06,0.61,18.22,19.8
市町村別,宮城県_登米市,11,20.54,0.28,20.02,20.89
市町村別,宮城県_柴田町,3,20.32,1.12,19.08,21.8
市町村別,宮城県_南三陸町,3,20.1,0.37,19.7,20.6
市町村別,秋田県_秋田市,1,19.3,0,19.3,19.3
市町村別,秋田県_能代市,1,20.4,0,20.4,20.4
市町村別,福島県_郡山市,1,18.9,0,18.9,18.9
市町村別,福島県_白河市,3,20.01,0.09,19.88,20.1
市町村別,福島県_田村市,3,20,0.85,19.37,21.2
市町村別,福島県_鏡石町,1,20,0,20,20
市町村別,福島県_鮫川村,1,20.3,0,20.3,20.3
市町村別,茨城県_つくば市,7,17.89,0.39,17.43,18.37
市町村別,栃木県_佐野市,9,18.77,1.13,17.05,20.42
市町村別,栃木県_大田原市,2,20.45,0.25,20.2,20.7
市町村別,栃木県_那須町,1,19.7,0,19.7,19.7
市町村別,埼玉県_さいたま市,7,17.25,0.44,16.21,17.6
市町村別,埼玉県_越谷市,4,17.23,0.18,16.99,17.49
市町村別,千葉県_鴨川市,2,19.85,0.25,19.6,20.1
市町村別,千葉県_いすみ市,3,20.26,0.28,19.86,20.5
市町村別,東京都_文京区,4,16.74,0.21,16.57,17.1
市町村別,東京都_中野区,3,16.24,0.18,16,16.45
市町村別,東京都_足立区,4,17.26,0.17,16.99,17.4
市町村別,東京都_神津島村,12,21.38,0.41,20.5,21.91
市町村別,東京都_小笠原村,2,22.25,0.26,21.99,22.5
市町村別,神奈川県_藤沢市,3,17.2,0.59,16.59,18
市町村別,新潟県_新潟市,2,18.6,0.5,18.1,19.1
市町村別,新潟県_村上市,2,20.5,0.8,19.7,21.3
市町村別,富山県_富山市,1,19.8,0,19.8,19.8
市町村別,石川県_かほく市,3,19.29,0.16,19.11,19.5
市町村別,石川県_能登町,4,21.55,0.23,21.17,21.77
市町村別,福井県_福井市,3,20.24,0.1,20.1,20.33
市町村別,福井県_大野市,11,20.94,0.41,20.1,21.3
市町村別,福井県_勝山市,3,21.36,0.19,21.1,21.5
市町村別,福井県_永平寺町,1,19.8,0,19.8,19.8
市町村別,福井県_池田町,1,20.7,0,20.7,20.7
市町村別,長野県_長野市,16,19.9,1.15,17.6,20.94
市町村別,長野県_松本市,46,20.19,1.35,17.53,21.9
市町村別,長野県_上田市,28,19.96,1.06,17.43,21.8
市町村別,長野県_岡谷市,3,20.29,0.23,20.06,20.61
市町村別,長野県_諏訪市,10,20.52,0.64,19.14,21.25
市町村別,長野県_小諸市,3,20.77,0.54,20,21.2
市町村別,長野県_伊那市,12,20.16,0.77,18.76,21.9
市町村別,長野県_駒ヶ根市,6,19.62,0.49,19,20.32
市町村別,長野県_大町市,5,20.41,0.49,19.6,20.96
市町村別,長野県_塩尻市,44,19.77,0.89,18.17,21.54
市町村別,長野県_佐久市,13,19.26,0.93,17.63,20.5
市町村別,長野県_千曲市,3,19.86,0.11,19.73,20
市町村別,長野県_東御市,7,19.89,1.17,17.39,20.93
市町村別,長野県_安曇野市,10,19.98,0.3,19.33,20.42
市町村別,長野県_南牧村,8,21.02,0.19,20.76,21.3
市町村別,長野県_軽井沢町,1,20.3,0,20.3,20.3
市町村別,長野県_立科町,1,21,0,21,21
市町村別,長野県_長和町,1,21.7,0,21.7,21.7
市町村別,長野県_下諏訪町,5,19.8,0.53,19.2,20.77
市町村別,長野県_原村,5,20.8,0.24,20.52,21.24
市町村別,長野県_辰野町,2,19.71,0.49,19.21,20.2
市町村別,長野県_箕輪町,5,19.33,0.44,18.8,20.1
市町村別,長野県_上松町,11,20.42,0.84,18.59,21.5
市町村別,長野県_王滝村,6,21.24,0.18,20.84,21.4
市町村別,長野県_木曽町,24,20.95,0.37,20.4,21.6
市町村別,長野県_山形村,4,19.77,0.21,19.5,20
市町村別,長野県_朝日村,3,20.21,0.21,19.99,20.5
市町村別,長野県_筑北村,1,20.6,0,20.6,20.6
市町村別,長野県_池田町,5,20.31,0.41,19.6,20.68
市町村別,長野県_白馬村,8,20.99,0.17,20.73,21.3
市町村別,長野県_山ノ内町,3,21.1,0.5,20.47,21.7
市町村別,長野県_小川村,2,21.16,0.24,20.91,21.4
市町村別,岐阜県_八百津町,1,20.7,0,20.7,20.7
市町村別,静岡県_浜松市,3,18.2,0.08,18.1,18.29
市町村別,静岡県_清水町,3,18.13,0.34,17.83,18.6
市町村別,愛知県_名古屋市,10,17.05,0.38,16.41,17.6
市町村別,愛知県_設楽町,7,20.66,0.16,20.4,20.9
市町村別,愛知県_東栄町,3,20.99,0.02,20.96,21
市町村別,愛知県_豊根村,5,21.24,0.37,20.9,21.9
市町村別,大阪府_八尾市,2,17.04,0.14,16.9,17.18
市町村別,兵庫県_神戸市,21,18.53,0.82,17.01,20.04
市町村別,奈良県_十津川村,4,21.35,0.29,20.9,21.7
市町村別,和歌山県_和歌山市,1,15.9,0,15.9,15.9
市町村別,和歌山県_田辺市,3,20.9,0.33,20.5,21.3
市町村別,鳥取県_日南町,12,21.27,0.31,20.62,21.61
市町村別,島根県_大田市,1,19.8,0,19.8,19.8
市町村別,広島県_広島市,2,18.15,0.35,17.8,18.5
市町村別,徳島県_徳島市,5,17.94,0.29,17.5,18.4
市町村別,徳島県_阿南市,1,20.1,0,20.1,20.1
市町村別,徳島県_石井町,3,19.08,0.34,18.6,19.35
市町村別,香川県_高松市,31,18.55,0.61,16.97,19.6
市町村別,愛媛県_久万高原町,4,21.33,0.11,21.13,21.4
市町村別,福岡県_北九州市,2,18.92,0.98,17.94,19.9
市町村別,福岡県_福岡市,2,16.75,0.96,15.79,17.7
市町村別,福岡県_八女市,3,20.47,0.47,19.89,21.03
市町村別,熊本県_熊本市,2,18.9,0.3,18.6,19.2
市町村別,熊本県_天草市,3,20.77,1.13,19.2,21.84
市町村別,熊本県_南阿蘇村,1,19.9,0,19.9,19.9
市町村別,宮崎県_都城市,1,20.7,0,20.7,20.7
市町村別,鹿児島県_姶良市,1,18.5,0,18.5,18.5
市町村別,沖縄県_石垣市,4,21.3,0.22,20.99,21.6
市町村別,沖縄県_名護市,2,20.95,0.05,20.9,21
市町村別,沖縄県_竹富町,4,21.75,0.26,21.38,22.1
市町村別,北海道_新ひだか町,5,21.22,0.11,21.11,21.36
市町村別,北海道_壮瞥町,2,21.07,0.18,20.89,21.25
市町村別,北海道_陸別町,4,21.36,0.34,21.09,21.95
市町村別,北海道_札幌市,2,16.85,0.46,16.39,17.31
市町村別,北海道_伊達市,2,20.53,0.39,20.14,20.92
市町村別,青森県_深浦町,2,20.01,1.3,18.71,21.31
市町村別,青森県_弘前市,2,19.62,0.32,19.3,19.94
市町村別,青森県_十和田市,1,20.84,0,20.84,20.84
市町村別,青森県_八戸市,4,19.41,0.92,18.73,20.99
市町村別,岩手県_住田町,2,20.23,0.4,19.83,20.63
市町村別,岩手県_金ケ崎町,1,20.73,0,20.73,20.73
市町村別,宮城県_名取市,3,18.55,0.11,18.4,18.66
市町村別,宮城県_岩沼市,6,18.69,1.35,15.88,19.65
市町村別,宮城県_石巻市,1,20.52,0,20.52,20.52
市町村別,宮城県_蔵王町,2,21.02,0.05,20.96,21.07
市町村別,秋田県_美郷町,1,20.82,0,20.82,20.82
市町村別,秋田県_横手市,2,20.47,0.98,19.49,21.44
市町村別,福島県_いわき市,5,19.32,0.3,18.99,19.76
市町村別,福島県_広野町,6,20.16,0.48,19.52,20.6
市町村別,福島県_福島市,1,21.76,0,21.76,21.76
市町村別,福島県_塙町,2,19.92,0.15,19.77,20.07
市町村別,群馬県_嬬恋村,6,19.32,1.22,17.43,20.92
市町村別,埼玉県_草加市,3,17.92,1.81,16.27,20.43
市町村別,埼玉県_坂戸市,3,17.98,0.32,17.53,18.26
市町村別,埼玉県_春日部市,4,18.16,0.19,17.88,18.43
市町村別,千葉県_南房総市,1,20.14,0,20.14,20.14
市町村別,千葉県_習志野市,1,17.17,0,17.17,17.17
市町村別,千葉県_市原市,1,17.87,0,17.87,17.87
市町村別,千葉県_大網白里市,3,19.22,0.16,19.01,19.39
市町村別,千葉県_松戸市,3,17.03,0.3,16.62,17.29
市町村別,千葉県_東金市,1,18.71,0,18.71,18.71
市町村別,千葉県_鎌ケ谷市,1,17.4,0,17.4,17.4
市町村別,東京都_町田市,5,17.04,0.84,15.41,17.78
市町村別,東京都_府中市,2,16.79,0.23,16.56,17.01
市町村別,東京都_奥多摩町,2,20.02,0.01,20.01,20.03
市町村別,東京都_小金井市,2,17.28,0.14,17.14,17.41
市町村別,東京都_羽村市,2,16.5,1.43,15.07,17.93
市町村別,神奈川県_平塚市,1,18.47,0,18.47,18.47
市町村別,神奈川県_横浜市,1,16.08,0,16.08,16.08
市町村別,神奈川県_清川村,1,19.89,0,19.89,19.89
市町村別,神奈川県_相模原市,4,17.89,0.64,17.05,18.83
市町村別,新潟県_佐渡市,7,20.76,0.89,18.71,21.49
市町村別,新潟県_長岡市,2,20.81,0.04,20.77,20.84
市町村別,福井県_おおい町,3,21.2,0.04,21.15,21.25
市町村別,山梨県_富士吉田市,6,19.48,0.26,19.14,19.84
市町村別,山梨県_北杜市,4,20.48,0.29,20,20.72
市町村別,山梨県_富士河口湖町,3,20.23,0.07,20.15,20.32
市町村別,山梨県_丹波山村,2,20.36,0.18,20.18,20.53
市町村別,山梨県_小菅村,2,19.72,0.73,18.99,20.45
市町村別,山梨県_甲州市,2,20.93,0.19,20.74,21.11
市町村別,長野県_高森町,5,20.2,0.29,19.74,20.57
市町村別,長野県_青木村,3,20.7,0.12,20.56,20.86
市町村別,長野県_根羽村,5,21,0.12,20.88,21.17
市町村別,長野県_阿智村,13,20.9,0.31,20.5,21.7
市町村別,長野県_売木村,2,20.71,0.49,20.22,21.2
市町村別,長野県_平谷村,1,21.1,0,21.1,21.1
市町村別,長野県_下條村,4,20.73,0.15,20.54,20.96
市町村別,長野県_南箕輪村,1,18.95,0,18.95,18.95
市町村別,長野県_須坂市,3,19.41,1.5,17.29,20.56
市町村別,長野県_北相木村,2,20.91,0.24,20.67,21.15
市町村別,長野県_天龍村,8,20.86,0.13,20.66,21
市町村別,長野県_木祖村,2,20.87,0.1,20.76,20.97
市町村別,長野県_飯綱町,1,20.4,0,20.4,20.4
市町村別,長野県_南木曽町,4,20.52,0.38,19.87,20.84
市町村別,長野県_大桑村,2,20.97,0.05,20.92,21.02
市町村別,長野県_御代田町,4,19.15,0.56,18.42,19.73
市町村別,長野県_松川村,1,19.9,0,19.9,19.9
市町村別,長野県_茅野市,4,18.98,1.35,16.92,20.63
市町村別,長野県_小谷村,4,20.73,0.43,20.05,21.23
市町村別,長野県_大鹿村,1,20.42,0,20.42,20.42
市町村別,長野県_飯山市,1,21.25,0,21.25,21.25
市町村別,岐阜県_可児市,2,18.76,0.05,18.7,18.81
市町村別,岐阜県_揖斐川町,2,20.41,0.05,20.35,20.46
市町村別,静岡県_富士宮市,1,17.98,0,17.98,17.98
市町村別,静岡県_伊豆市,1,20.07,0,20.07,20.07
市町村別,愛知県_豊田市,3,18.39,1.51,17.27,20.53
市町村別,愛知県_岡崎市,1,19.7,0,19.7,19.7
市町村別,三重県_四日市市,4,16.73,1.29,14.51,17.6
市町村別,滋賀県_湖南市,1,18.85,0,18.85,18.85
市町村別,滋賀県_高島市,1,20.27,0,20.27,20.27
市町村別,滋賀県_多賀町,2,19.33,0.04,19.28,19.37
市町村別,滋賀県_彦根市,2,18.73,0.4,18.32,19.13
市町村別,滋賀県_長浜市,1,20.98,0,20.98,20.98
市町村別,滋賀県_近江八幡市,1,19,0,19,19
市町村別,京都府_和束町,1,19.49,0,19.49,19.49
市町村別,京都府_京都市,4,17.24,0.44,16.67,17.84
市町村別,大阪府_枚方市,2,17.38,0.04,17.34,17.41
市町村別,大阪府_能勢町,1,19.4,0,19.4,19.4
市町村別,兵庫県_明石市,2,18.19,0.06,18.12,18.25
市町村別,兵庫県_淡路市,9,19.51,1.18,17.52,21.54
市町村別,兵庫県_洲本市,8,19.94,1.43,17.05,22.51
市町村別,兵庫県_西脇市,1,19.86,0,19.86,19.86
市町村別,和歌山県_高野町,1,20.27,0,20.27,20.27
市町村別,鳥取県_鳥取市,23,20.09,0.92,18.26,21.45
市町村別,鳥取県_南部町,1,20.56,0,20.56,20.56
市町村別,鳥取県_日野町,3,20.79,0.38,20.27,21.16
市町村別,鳥取県_江府町,2,20.37,0.48,19.89,20.85
市町村別,鳥取県_境港市,3,19.49,0.11,19.4,19.64
市町村別,鳥取県_米子市,10,19.38,0.7,18.22,20.53
市町村別,鳥取県_大山町,1,19.57,0,19.57,19.57
市町村別,鳥取県_北栄町,2,19.65,0.2,19.45,19.84
市町村別,鳥取県_三朝町,3,20.89,0.22,20.64,21.17
市町村別,鳥取県_倉吉市,4,20.59,0.61,19.56,21.1
市町村別,鳥取県_湯梨浜町,2,19.72,0.33,19.39,20.05
市町村別,鳥取県_琴浦町,2,20.36,0.2,20.16,20.56
市町村別,鳥取県_八頭町,4,20.66,0.29,20.18,20.93
市町村別,鳥取県_若桜町,3,20.81,0.66,19.89,21.41
市町村別,鳥取県_智頭町,16,20.83,0.45,20.12,21.48
市町村別,島根県_浜田市,2,20.02,1.57,18.45,21.58
市町村別,岡山県_岡山市,8,18.81,1.38,16.98,20.58
市町村別,岡山県_倉敷市,4,18.13,0.18,17.89,18.33
市町村別,岡山県_浅口市,3,19.06,0.12,18.9,19.18
市町村別,岡山県_赤磐市,1,20.65,0,20.65,20.65
市町村別,岡山県_総社市,1,20.15,0,20.15,20.15
市町村別,岡山県_井原市,2,21.67,0.12,21.55,21.79
市町村別,山口県_長門市,2,20.62,0.12,20.5,20.73
市町村別,山口県_山口市,2,18.61,0.25,18.35,18.86
市町村別,高知県_高知市,5,19.12,0.63,18.01,19.75
市町村別,高知県_四万十市,8,20.81,0.93,18.67,21.62
市町村別,高知県_芸西村,3,21.17,0,21.17,21.18
市町村別,福岡県_飯塚市,2,18.3,0.07,18.23,18.37
市町村別,長崎県_佐世保市,1,20.75,0,20.75,20.75
市町村別,熊本県_南関町,2,19.56,0.14,19.42,19.7
市町村別,大分県_竹田市,2,21.35,0.17,21.17,21.52
市町村別,宮崎県_五ヶ瀬町,1,20.72,0,20.72,20.72
市町村別,鹿児島県_与論町,2,19.68,2.03,17.65,21.71
市町村別,鹿児島県_中種子町,1,21.52,0,21.52,21.52
市町村別,沖縄県_国頭村,1,21.46,0,21.46,21.46
市町村別,沖縄県_宮古島市,1,20.78,0,20.78,20.78
市町村別,岩手県_二戸市,1,20.28,0,20.28,20.28
市町村別,福島県_飯舘村,1,21.33,0,21.33,21.33
市町村別,栃木県_宇都宮市,2,18.56,0.3,18.26,18.86
市町村別,栃木県_塩谷町,1,20.83,0,20.83,20.83
市町村別,群馬県_玉村町,1,18.78,0,18.78,18.78
市町村別,群馬県_高山村,2,19.97,0.3,19.67,20.26
市町村別,埼玉県_杉戸町,1,19.12,0,19.12,19.12
市町村別,埼玉県_松伏町,1,17.96,0,17.96,17.96
市町村別,埼玉県_鴻巣市,1,18.57,0,18.57,18.57
市町村別,東京都_三鷹市,1,17.35,0,17.35,17.35
市町村別,東京都_立川市,1,16.95,0,16.95,16.95
市町村別,東京都_板橋区,1,16.85,0,16.85,16.85
市町村別,山梨県_大月市,1,19.17,0,19.17,19.17
市町村別,長野県_松川町,1,20.71,0,20.71,20.71
市町村別,長野県_豊丘村,1,20.09,0,20.09,20.09
市町村別,長野県_喬木村,2,19.8,0.1,19.7,19.9
市町村別,長野県_飯田市,6,20.07,0.38,19.72,20.86
市町村別,長野県_泰阜村,1,20.78,0,20.78,20.78
市町村別,長野県_阿南町,1,21.41,0,21.41,21.41
市町村別,長野県_宮田村,1,19.84,0,19.84,19.84
市町村別,長野県_富士見町,1,20.5,0,20.5,20.5
市町村別,静岡県_静岡市,1,21.14,0,21.14,21.14
市町村別,愛知県_豊橋市,2,19.19,0.32,18.87,19.5
市町村別,愛知県_新城市,2,19.75,0.4,19.35,20.14
市町村別,愛知県_みよし市,2,18.02,0.04,17.97,18.06
市町村別,三重県_亀山市,1,19.73,0,19.73,19.73
市町村別,三重県_菰野町,4,19.35,0.5,18.55,19.9
市町村別,大阪府_交野市,1,17.24,0,17.24,17.24
市町村別,大阪府_大阪市,1,16.78,0,16.78,16.78
市町村別,兵庫県_たつの市,1,20.47,0,20.47,20.47
市町村別,奈良県_五條市,1,20.81,0,20.81,20.81
市町村別,鳥取県_伯耆町,4,20.62,0.48,19.81,21.08
市町村別,岡山県_高梁市,1,21.34,0,21.34,21.34
市町村別,岡山県_新見市,2,19.97,0.21,19.76,20.18
市町村別,広島県_東広島市,3,19.31,0.86,18.44,20.49
市町村別,広島県_神石高原町,1,21.34,0,21.34,21.34
市町村別,広島県_福山市,2,19.38,1.53,17.85,20.91
