No.,都道府県,市区町村,撮影場所,撮影日時,緯度,経度,"夜空の明るさ
（等級（mag/□”））",ばらつき,周辺状況,備考,継続観察登録地点
1,北海道,小樽市,,2025/8/15 21:00,43.154,141.011,20.39,0.14,,,
2,北海道,小樽市,,2025/8/15 21:01,43.154,141.011,20.26,0.16,,,
3,北海道,名寄市,なよろ市立天文台,2025/8/19 21:47,44.374,142.483,21,0.16,住宅地域,,○
4,北海道,名寄市,なよろ市立天文台,2025/8/18 21:36,44.374,142.483,20.54,0.18,住宅地域,,○
5,北海道,名寄市,なよろ市立天文台,2025/8/21 20:53,44.374,142.483,21.06,0.08,住宅地域,,○
6,北海道,名寄市,なよろ市立天文台,2025/8/17 21:02,44.374,142.483,21.1,0.22,住宅地域,,○
7,北海道,名寄市,なよろ市立天文台,2025/8/16 21:42,44.374,142.483,20.45,0.3,住宅地域,,○
8,北海道,伊達市,北湯沢温泉,2025/8/17 20:49,42.624,141.025,20.95,0.19,森林山間地,,○
9,北海道,伊達市,北湯沢温泉,2025/8/24 20:18,42.624,141.025,21.13,0.14,森林山間地,,○
10,北海道,伊達市,北湯沢温泉,2025/8/18 21:45,42.624,141.025,21.06,0.08,森林山間地,,○
11,北海道,斜里町,,2025/8/19 21:24,43.907,144.8,21.63,0.28,,,
12,北海道,斜里町,,2025/8/19 21:02,43.907,144.8,21.67,0.19,,,
13,北海道,斜里町,,2025/8/19 20:50,43.907,144.8,21.53,0.16,,,
14,北海道,斜里町,,2025/8/19 21:14,43.907,144.8,21.58,0.24,,,
15,北海道,斜里町,,2025/8/19 21:10,43.907,144.8,21.88,0.25,,,
16,北海道,斜里町,,2025/8/19 21:35,43.907,144.8,21.69,0.27,,,
17,北海道,斜里町,,2025/8/19 21:38,43.907,144.799,21.63,0.11,,,
18,北海道,斜里町,,2025/8/19 21:41,43.907,144.799,21.52,0.06,,,
19,北海道,斜里町,,2025/8/19 20:40,43.907,144.8,21.62,0.2,,,
20,北海道,斜里町,,2025/8/19 21:32,43.907,144.799,21.57,0.09,,,
21,北海道,陸別町,,2025/8/15 20:25,43.456,143.766,21.82,0.16,,,
22,北海道,陸別町,りくべつ宇宙地球科学館（銀河の森天文台）,2025/8/23 21:39,43.456,143.766,20.76,0.29,森林山間地,参考値(薄雲),○
23,北海道,陸別町,りくべつ宇宙地球科学館（銀河の森天文台）,2025/8/21 20:17,43.456,143.766,21.61,0.11,森林山間地,,○
24,北海道,弟子屈町,北海道川上郡弟子屈町,2025/8/15 20:32,43.524,144.402,21.96,0.19,農業地域,,○
25,北海道,弟子屈町,,2025/8/21 20:58,43.618,144.442,21.94,0.28,,,
26,北海道,弟子屈町,,2025/8/19 20:28,43.618,144.442,21.82,0.26,,,
27,青森県,八戸市,,2025/8/24 21:02,40.495,141.533,19.36,0.11,,,
28,岩手県,陸前高田市,箱根山展望台,2025/8/16 21:17,39.014,141.695,20.95,0.11,自然公園等,,○
29,宮城県,仙台市　青葉区,,2025/8/23 21:49,38.257,140.755,19.45,0.11,,,
30,宮城県,気仙沼市,,2025/8/21 21:51,38.904,141.647,20.58,0.1,,,
31,宮城県,気仙沼市,,2025/8/21 21:05,38.909,141.578,19.83,0.12,,,
32,宮城県,気仙沼市,,2025/8/21 21:24,38.902,141.573,19.39,0.15,,,
33,宮城県,気仙沼市,,2025/8/19 20:32,38.878,141.558,19.55,0.16,,,
34,宮城県,気仙沼市,,2025/8/19 20:42,38.877,141.548,19.74,0.2,,,
35,宮城県,気仙沼市,,2025/8/21 20:37,38.911,141.569,19.77,0.11,,,
36,宮城県,気仙沼市,,2025/8/23 21:06,38.852,141.622,20.51,0.08,,,
37,秋田県,男鹿市,,2025/8/25 21:43,39.93,139.872,19.31,0.25,,,
38,秋田県,男鹿市,,2025/8/25 21:14,39.931,139.876,19.28,0,,,
39,山形県,天童市,,2025/8/19 21:12,38.353,140.376,20.63,0.16,,,
40,山形県,朝日町,山形県朝日町　Asahi自然観,2025/8/23 21:01,38.304,140.059,21.09,0.16,その他,,○
41,山形県,朝日町,山形県朝日町　Asahi自然観,2025/8/23 21:13,38.305,140.059,21.18,0.06,その他,,○
42,山形県,朝日町,山形県朝日町　Asahi自然観,2025/8/23 21:06,38.304,140.059,21.16,0.05,その他,,○
43,山形県,朝日町,山形県朝日町　Asahi自然観,2025/8/23 21:15,38.304,140.059,21.11,0.05,その他,,○
44,山形県,朝日町,山形県朝日町　Asahi自然観,2025/8/23 21:11,38.304,140.059,21.11,0.06,その他,,○
45,福島県,いわき市,,2025/8/21 20:10,37.01,140.846,18.77,0.08,,,
46,福島県,いわき市,いわき市中央台鹿島,2025/8/20 21:33,37.008,140.924,17.96,0.31,住宅地域,参考値(薄雲),○
47,福島県,いわき市,いわき市中央台鹿島,2025/8/19 21:45,37.008,140.924,18.54,0.08,住宅地域,,○
48,福島県,白河市,白河関の森公園駐車場,2025/8/19 20:11,37.045,140.229,20.5,0.06,農業地域,,○
49,福島県,広野町,双葉郡広野町,2025/8/19 21:24,37.216,140.993,19.99,0.15,住宅地域,,○
50,福島県,広野町,双葉郡広野町,2025/8/26 20:57,37.216,140.993,19.4,0.1,住宅地域,,○
51,福島県,広野町,SUZUKI天体観測所,2025/8/21 20:53,37.192,140.951,20.01,0.16,森林山間地,,○
52,福島県,広野町,双葉郡広野町,2025/8/26 20:55,37.216,140.993,19.4,0.14,住宅地域,,○
53,福島県,広野町,SUZUKI天体観測所,2025/8/20 21:08,37.192,140.951,19.57,0.11,森林山間地,,○
54,茨城県,つくば市,つくば市吾妻,2025/8/25 20:06,36.083,140.118,17.24,0.1,住宅地域,,○
55,栃木県,佐野市,佐野市 梅林公園,2025/8/23 20:07,36.354,139.609,18.41,0.1,農業地域,,○
56,栃木県,佐野市,佐野市 赤城神社,2025/8/19 21:44,36.297,139.577,18.34,0.08,住宅地域,,○
57,栃木県,佐野市,作原自然環境保全地域,2025/8/27 21:46,36.564,139.469,20.9,0.14,自然公園等,,○
58,群馬県,高山村,群馬県吾妻郡高山村ぐんま天文台,2025/8/22 21:10,36.597,138.974,19.07,0.21,森林山間地,,○
59,群馬県,高山村,,2025/8/22 21:18,36.624,138.956,18.98,0.23,,,
60,群馬県,玉村町,群馬県佐波郡玉村町道の駅玉村宿,2025/8/19 21:21,36.308,139.097,18,0.18,農業地域,,○
61,埼玉県,さいたま市　緑区,浦和美園４丁目公園,2025/8/26 21:41,35.896,139.732,17.46,0.09,住宅地域,,○
62,埼玉県,草加市,東武スカイツリーライン谷塚駅前,2025/8/23 20:17,35.817,139.8,16.88,0.12,商業地域,,○
63,千葉県,木更津市,,2025/8/16 21:13,35.464,139.874,18.26,0.09,,,
64,千葉県,松戸市,松戸市内,2025/8/26 20:35,35.779,139.904,17.21,0.11,住宅地域,,○
65,千葉県,松戸市,松戸市内,2025/8/23 19:59,35.779,139.904,16.84,0.13,住宅地域,,○
66,千葉県,佐倉市,,2025/8/16 22:16,35.747,140.235,17.8,0.09,,参考値(薄雲),
67,千葉県,佐倉市,,2025/8/16 21:36,35.742,140.197,17.12,0.28,,参考値(薄雲),
68,千葉県,八千代市,,2025/8/16 21:01,35.764,140.137,17.37,0.27,,参考値(薄雲),
69,千葉県,八千代市,,2025/8/16 20:29,35.757,140.106,17.84,0.11,,,
70,千葉県,鴨川市,,2025/8/20 19:59,35.16,140.148,20.1,0.15,,,
71,千葉県,鴨川市,,2025/8/20 20:41,35.086,140.098,20.12,0.1,,,
72,千葉県,鴨川市,,2025/8/20 21:35,35.129,139.973,20.34,0.03,,,
73,千葉県,鴨川市,鴨川市内,2025/8/26 21:30,35.139,139.997,20.22,0.11,農業地域,,○
74,千葉県,君津市,,2025/8/19 20:19,35.254,139.973,19.88,0.1,,,
75,千葉県,大多喜町,,2025/8/19 21:46,35.22,140.232,20.5,0.08,,,
76,千葉県,鋸南町,,2025/8/19 21:07,35.128,139.904,20.3,0.11,,,
77,東京都,千代田区,,2025/8/20 20:22,35.673,139.754,15.89,0.22,,,
78,東京都,千代田区,,2025/8/17 21:00,35.679,139.758,15.19,0.2,,参考値(薄雲),
79,東京都,千代田区,,2025/8/20 20:04,35.679,139.757,15.82,0.24,,参考値(薄雲),
80,東京都,千代田区,,2025/8/17 21:27,35.681,139.765,15.13,0.15,,参考値(薄雲),
81,東京都,文京区,東洋大学白山キャンパス１号館屋上,2025/8/16 20:36,35.723,139.751,16.79,0.11,商業地域,,○
82,東京都,杉並区,,2025/8/20 21:54,35.685,139.649,16.68,0.19,,,
83,東京都,三鷹市,三鷹市大沢,2025/8/26 20:13,35.674,139.538,17.25,0.12,住宅地域,,○
84,東京都,町田市,,2025/8/20 21:00,35.587,139.449,17.09,0.09,,,
85,東京都,羽村市,羽村市,2025/8/26 20:02,35.772,139.301,17.23,0.15,住宅地域,,○
86,東京都,奥多摩町,西多摩郡奥多摩町 奥多摩湖大麦代園地駐車場,2025/8/26 20:55,35.79,139.043,20,0.13,森林山間地,,○
87,東京都,神津島村,神津島村 三浦湾展望台,2025/8/18 20:18,34.192,139.144,21.08,0.21,その他,,○
88,東京都,神津島村,神津島村 よたね広場,2025/8/19 20:48,34.204,139.139,21.12,0.1,住宅地域,,○
89,東京都,神津島村,神津島村 赤崎遊歩道,2025/8/21 20:43,34.239,139.138,21.5,0.24,その他,,○
90,東京都,神津島村,神津島村 ヘリポート,2025/8/18 21:13,34.199,139.127,21.14,0.21,農業地域,,○
91,東京都,小笠原村,小笠原村父島　コペペ海岸,2025/8/15 20:29,27.064,142.193,21.99,0.19,森林山間地,,○
92,神奈川県,川崎市　幸区,,2025/8/19 20:55,35.544,139.688,16.38,0.47,,参考値(薄雲),
93,神奈川県,川崎市　高津区,,2025/8/21 20:54,35.595,139.619,16.06,0.15,,,
94,神奈川県,川崎市　高津区,,2025/8/14 20:40,35.607,139.613,17.02,0.2,,参考値(薄雲),
95,神奈川県,川崎市　高津区,,2025/8/19 21:32,35.613,139.611,15.59,1,,測定不可(雲量大),
96,神奈川県,川崎市　高津区,,2025/8/14 20:23,35.611,139.615,17.11,0.11,,,
97,神奈川県,川崎市　川崎区,,2025/8/19 20:39,35.529,139.709,16.63,0.2,,,
98,神奈川県,川崎市　川崎区,,2025/8/19 21:55,35.505,139.775,17.38,0.11,,,
99,神奈川県,川崎市　多摩区,,2025/8/17 22:16,35.617,139.55,16.9,0.12,,参考値(薄雲),
100,神奈川県,川崎市　多摩区,,2025/8/26 21:07,35.621,139.576,17.26,0.05,,,
101,神奈川県,川崎市　多摩区,,2025/8/22 21:14,35.608,139.561,15.58,0.31,,参考値(薄雲),
102,神奈川県,川崎市　多摩区,,2025/8/26 20:03,35.63,139.529,17.29,0.09,,,
103,神奈川県,川崎市　多摩区,,2025/8/17 21:39,35.617,139.55,16.31,0.06,,,
104,神奈川県,川崎市　中原区,,2025/8/19 21:17,35.586,139.656,16.66,0.27,,参考値(薄雲),
105,神奈川県,川崎市　麻生区,,2025/8/26 20:21,35.621,139.507,17.2,0.12,,,
106,神奈川県,川崎市　麻生区,,2025/8/20 21:28,35.576,139.511,17.45,0.11,,,
107,神奈川県,川崎市　麻生区,,2025/8/26 21:20,35.614,139.463,17.5,0.16,,,
108,神奈川県,川崎市　麻生区,,2025/8/20 20:57,35.575,139.513,17.36,0.08,,,
109,神奈川県,川崎市　麻生区,,2025/8/20 21:06,35.578,139.513,17.42,0.11,,,
110,神奈川県,川崎市　麻生区,,2025/8/20 21:11,35.578,139.513,17.46,0.11,,,
111,神奈川県,川崎市　麻生区,,2025/8/20 21:15,35.579,139.514,17.49,0.13,,,
112,神奈川県,川崎市　麻生区,,2025/8/20 21:22,35.575,139.513,17.46,0.1,,,
113,神奈川県,川崎市　麻生区,,2025/8/26 21:29,35.614,139.458,17.62,0.11,,,
114,神奈川県,平塚市,平塚市岡崎,2025/8/26 21:31,35.369,139.321,18.32,0.08,農業地域,,○
115,神奈川県,藤沢市,藤沢市内,2025/8/19 21:05,35.398,139.47,17.16,0.11,商業地域,参考値(薄雲),○
116,神奈川県,藤沢市,藤沢市内,2025/8/26 20:30,35.398,139.47,17.18,0.1,商業地域,,○
117,新潟県,新潟市　西蒲区,,2025/8/16 21:36,37.711,138.811,20.83,0.11,,,
118,新潟県,新潟市　西蒲区,,2025/8/16 20:38,37.792,138.866,21.46,0.37,,測定不可(設定エラー),
119,新潟県,新潟市　西蒲区,,2025/8/16 20:45,37.792,138.866,20.42,0.12,,,
120,新潟県,新潟市　西蒲区,,2025/8/16 21:19,37.711,138.811,23.31,0.93,,測定不可(設定エラー),
121,新潟県,新潟市　西区,,2025/8/14 22:02,37.845,138.881,19.96,0.16,,,
122,新潟県,新潟市　西区,,2025/8/14 22:00,37.845,138.881,,,,測定不可(設定エラー),
123,新潟県,新潟市　北区,,2025/8/15 22:03,37.911,139.239,,,,測定不可(設定エラー),
124,新潟県,新潟市　北区,,2025/8/15 22:06,37.911,139.239,19.62,0.38,,,
125,新潟県,小千谷市,,2025/8/25 21:54,37.279,138.81,20.37,0.06,,,
126,新潟県,魚沼市,,2025/8/25 21:03,37.196,139.098,21.05,0.34,,,
127,新潟県,魚沼市,,2025/8/30 21:30,37.152,139.13,21.35,0.07,,,
128,新潟県,胎内市,,2025/8/22 21:21,38.029,139.508,20.86,0.15,,,
129,新潟県,胎内市,,2025/8/15 20:20,38.028,139.502,21.14,0.09,,,
130,新潟県,胎内市,,2025/8/15 20:12,38.028,139.503,22.13,0.17,,測定不可(設定エラー),
131,新潟県,胎内市,,2025/8/23 21:02,38.028,139.501,20.43,0.13,,,
132,新潟県,胎内市,,2025/8/22 20:54,38.028,139.501,20.58,0.13,,,
133,富山県,富山市,,2025/8/22 20:34,36.68,137.212,17.62,0.08,,,
134,富山県,富山市,,2025/8/22 20:31,36.68,137.211,17.59,0.1,,,
135,富山県,富山市,,2025/8/22 20:24,36.68,137.212,17.53,0.1,,,
136,富山県,富山市,,2025/8/22 20:30,36.681,137.212,17.59,0.06,,,
137,富山県,富山市,,2025/8/20 21:54,36.559,137.052,20.62,0.05,,,
138,富山県,富山市,,2025/8/17 21:51,36.559,137.052,20.71,0.06,,,
139,富山県,富山市,富山県富山市三熊　古洞ダム付近,2025/8/16 20:25,36.66,137.103,19.52,0.08,自然公園等,,○
140,富山県,富山市,,2025/8/22 20:36,36.68,137.212,17.65,0.06,,,
141,富山県,富山市,,2025/8/17 20:07,36.68,137.212,17.91,0.11,,,
142,富山県,高岡市,,2025/8/25 21:06,36.743,136.873,20.05,0.06,,,
143,富山県,高岡市,,2025/8/27 21:20,36.762,136.961,19.63,0.16,,,
144,富山県,魚津市,,2025/8/22 21:49,36.818,137.404,19.26,0.14,,,
145,富山県,魚津市,,2025/8/22 21:31,36.794,137.474,20.51,0.08,,,
146,富山県,氷見市,,2025/8/22 21:35,36.947,136.992,20.01,0.14,,,
147,富山県,黒部市,富山県黒部市黒部市吉田科学館,2025/8/17 20:48,36.901,137.425,19.74,0.04,住宅地域,,○
148,富山県,砺波市,,2025/8/17 21:28,36.586,137.018,20.46,0.1,,,
149,富山県,小矢部市,,2025/8/25 20:33,36.708,136.87,19.78,0.14,,,
150,富山県,南砺市,,2025/8/26 20:04,36.522,136.94,19.41,0.17,,,
151,富山県,南砺市,,2025/8/24 21:47,36.569,136.946,20.02,0.1,,,
152,富山県,南砺市,,2025/8/27 20:28,36.574,136.876,19.85,0.07,,,
153,富山県,南砺市,,2025/8/22 20:33,36.585,136.933,19.44,0.13,,,
154,石川県,金沢市,,2025/8/15 22:08,36.599,136.669,18.61,0.11,,,
155,石川県,小松市,,2025/8/18 1:09,36.397,136.488,,,,測定不可(ピントずれ),
156,石川県,羽咋市,,2025/8/24 21:41,36.887,136.764,20.13,0.13,,,
157,石川県,かほく市,,2025/8/20 21:27,36.719,136.705,18.85,0.12,,,
158,石川県,かほく市,,2025/8/24 20:16,36.726,136.711,19.27,0.16,,,
159,石川県,かほく市,,2025/8/24 20:38,36.767,136.733,19.76,0.1,,,
160,石川県,かほく市,,2025/8/24 20:22,36.739,136.716,19.52,0.14,,,
161,石川県,かほく市,,2025/8/24 20:05,36.71,136.705,18.19,0.25,,,
162,石川県,かほく市,,2025/8/24 20:29,36.75,136.721,19.62,0.15,,,
163,石川県,かほく市,,2025/8/14 20:05,36.719,136.704,19.25,0.11,,,
164,石川県,かほく市,,2025/8/24 20:05,36.71,136.705,18.17,0.25,,,
165,石川県,宝達志水町,,2025/8/24 20:49,36.791,136.769,20.34,0.14,,,
166,石川県,宝達志水町,,2025/8/24 21:23,36.859,136.807,20.4,0.09,,,
167,石川県,宝達志水町,,2025/8/24 21:10,36.832,136.769,20.23,0.15,,,
168,石川県,宝達志水町,,2025/8/24 20:57,36.804,136.789,20.53,0.12,,,
169,石川県,能登町,石川県柳田星の観察館「満天星」 ,2025/8/25 20:18,37.335,137.137,21.98,0.24,自然公園等,,○
170,石川県,能登町,石川県柳田星の観察館「満天星」 ,2025/8/27 21:10,37.335,137.137,21.33,0.05,自然公園等,,○
171,石川県,能登町,石川県柳田星の観察館「満天星」 ,2025/8/25 21:06,37.335,137.137,21.82,0.24,自然公園等,,○
172,石川県,能登町,石川県柳田星の観察館「満天星」 ,2025/8/25 21:09,37.335,137.137,21.42,0.08,自然公園等,,○
173,石川県,能登町,石川県柳田星の観察館「満天星」 ,2025/8/25 21:14,37.335,137.137,21.9,0.15,自然公園等,,○
174,石川県,能登町,石川県柳田星の観察館「満天星」 ,2025/8/27 21:07,37.335,137.137,21.69,0.21,自然公園等,,○
175,石川県,能登町,石川県柳田星の観察館「満天星」 ,2025/8/15 21:49,37.335,137.137,21.74,0.38,自然公園等,,○
176,石川県,能登町,,2025/8/19 21:05,37.32,137.225,20.53,0.24,,,
177,石川県,能登町,石川県柳田星の観察館「満天星」 ,2025/8/18 21:32,37.335,137.137,21.54,0.37,自然公園等,,○
178,石川県,能登町,石川県柳田星の観察館「満天星」 ,2025/8/15 21:30,37.335,137.137,21.8,0.37,自然公園等,,○
179,石川県,能登町,石川県柳田星の観察館「満天星」 ,2025/8/18 21:36,37.335,137.137,21.52,0.36,自然公園等,,○
180,石川県,能登町,石川県柳田星の観察館「満天星」 ,2025/8/25 20:17,37.335,137.137,22.07,0.19,自然公園等,,○
181,石川県,能登町,石川県柳田星の観察館「満天星」 ,2025/8/15 21:23,37.335,137.137,21.98,0.32,自然公園等,,○
182,石川県,能登町,石川県柳田星の観察館「満天星」 ,2025/8/14 21:16,37.335,137.137,21.61,0.28,自然公園等,,○
183,石川県,能登町,石川県柳田星の観察館「満天星」 ,2025/8/18 21:39,37.335,137.137,21.47,0.27,自然公園等,,○
184,石川県,能登町,石川県柳田星の観察館「満天星」 ,2025/8/18 21:26,37.335,137.137,21.48,0.23,自然公園等,,○
185,福井県,大野市,,2025/8/15 20:52,36.02,136.581,20.61,0.15,,,
186,福井県,大野市,,2025/8/15 21:23,36.02,136.581,19.61,0.75,,参考値(薄雲),
187,福井県,大野市,,2025/8/15 21:55,36.019,136.581,20.06,0.55,,,
188,福井県,大野市,,2025/8/16 21:56,36.021,136.582,21.24,0.1,,,
189,福井県,大野市,福井県自然保護センター観察棟,2025/8/21 21:51,36.021,136.582,20.86,0.12,自然公園等,,○
190,福井県,大野市,,2025/8/15 20:52,36.02,136.581,20.63,0.13,,,
191,福井県,大野市,,2025/8/15 21:31,36.02,136.581,20.55,0.18,,,
192,福井県,大野市,,2025/8/15 20:32,36.019,136.581,21,0.13,,,
193,福井県,大野市,,2025/8/15 21:01,36.02,136.581,20.45,0.18,,,
194,福井県,大野市,,2025/8/15 21:42,36.019,136.581,20.39,0.23,,,
195,福井県,大野市,福井県自然保護センター観察棟,2025/8/21 22:07,36.021,136.582,20.88,0.08,自然公園等,,○
196,福井県,大野市,,2025/8/19 21:00,36.02,136.581,20.37,0.16,,,
197,福井県,大野市,,2025/8/20 20:33,36.02,136.581,20.33,0.09,,,
198,福井県,大野市,,2025/8/20 20:18,36.02,136.581,20.33,0.1,,,
199,福井県,大野市,,2025/8/19 20:57,36.02,136.581,20.38,0.12,,,
200,福井県,大野市,,2025/8/20 21:37,36.019,136.581,20.36,0.12,,,
201,福井県,大野市,,2025/8/19 21:33,36.018,136.575,18.07,1.81,,測定不可(雲量大),
202,福井県,大野市,,2025/8/20 20:53,36.02,136.581,20.38,0.1,,,
203,福井県,大野市,,2025/8/15 20:38,36.02,136.581,20.95,0.15,,,
204,福井県,越前町,,2025/8/19 21:20,35.979,135.972,20.66,0.13,,,
205,福井県,おおい町,大飯郡おおい町名田庄中,2025/8/26 21:38,35.405,135.64,21.39,0.27,農業地域,,○
206,福井県,おおい町,大飯郡おおい町名田庄中,2025/8/26 20:36,35.405,135.64,20.5,0.17,農業地域,,○
207,福井県,おおい町,大飯郡おおい町名田庄納田終,2025/8/26 21:15,35.396,135.57,20.69,0.28,森林山間地,,○
208,福井県,おおい町,大飯郡おおい町名田庄三重,2025/8/26 21:50,35.413,135.682,21.66,0.2,農業地域,,○
209,福井県,おおい町,大飯郡おおい町名田庄納田終,2025/8/26 21:13,35.396,135.571,21.25,0.24,森林山間地,,○
210,山梨県,富士吉田市,富士散策公園,2025/8/27 20:18,35.456,138.804,18.85,0.21,自然公園等,,○
211,山梨県,富士吉田市,富士北麓公園駐車場,2025/8/27 20:05,35.457,138.767,18.91,0.1,自然公園等,,○
212,山梨県,富士吉田市,富士吉田市大明見地内,2025/8/27 20:34,35.484,138.818,18.85,0.1,住宅地域,,○
213,山梨県,北杜市,,2025/8/27 19:56,35.801,138.429,19.87,0.09,,,
214,山梨県,北杜市,,2025/8/23 20:26,35.857,138.503,20.63,0.14,,,
215,山梨県,鳴沢村,,2025/8/27 20:51,35.44,138.736,20.32,0.1,,,
216,山梨県,富士河口湖町,南都留郡富士河口湖町大石,2025/8/27 20:17,35.524,138.73,19.68,0.14,農業地域,,○
217,山梨県,富士河口湖町,南都留郡富士河口湖町大石,2025/8/19 20:45,35.524,138.73,20.04,0.1,農業地域,,○
218,山梨県,小菅村,北都留郡小菅村 小菅村ヘリポート,2025/8/26 21:47,35.764,138.94,20.55,0.08,森林山間地,,○
219,山梨県,丹波山村,北都留郡丹波山村,2025/8/26 21:12,35.786,138.978,20.47,0.11,森林山間地,,○
220,長野県,長野市,,2025/8/27 21:09,36.773,138.087,21.34,0.19,,,
221,長野県,長野市,長野市立博物館,2025/8/27 21:40,36.592,138.189,19.15,0.12,自然公園等,,○
222,長野県,長野市,,2025/8/27 21:58,36.721,138.146,20.31,0.28,,,
223,長野県,長野市,,2025/8/27 21:48,36.711,138.124,20.94,0.09,,,
224,長野県,長野市,,2025/8/27 21:09,36.774,138.087,21.35,0.19,,,
225,長野県,長野市,,2025/8/27 20:53,36.754,138.093,21.12,0.2,,,
226,長野県,長野市,,2025/8/27 20:51,36.754,138.093,21.11,0.17,,,
227,長野県,長野市,,2025/8/27 21:59,36.721,138.146,20.1,0.28,,,
228,長野県,長野市,,2025/8/27 20:16,36.749,138.063,21.24,0.16,,,
229,長野県,松本市,,2025/8/27 22:12,36.235,138.004,18.9,0.43,,参考値(薄雲),
230,長野県,松本市,,2025/8/26 20:56,36.153,137.749,20.84,0.19,,,
231,長野県,松本市,奈川渡ダム駐車場,2025/8/26 22:06,36.134,137.718,20.17,0.29,森林山間地,,○
232,長野県,松本市,乗鞍高原・いがや,2025/8/22 22:19,36.121,137.642,21.08,0.06,自然公園等,,○
233,長野県,松本市,松本駅西口,2025/8/27 20:42,36.231,137.963,17.36,0.07,商業地域,,○
234,長野県,松本市,松本市中央,2025/8/27 21:22,36.234,137.977,17.71,0.03,商業地域,,○
235,長野県,松本市,アルプス公園駐車場,2025/8/27 21:55,36.258,137.955,19.51,0.14,自然公園等,,○
236,長野県,松本市,,2025/8/26 20:43,36.183,137.804,20.3,0.13,,,
237,長野県,松本市,,2025/8/22 22:10,36.127,137.658,21.08,0.15,,,
238,長野県,松本市,,2025/8/19 20:18,36.202,137.856,19.34,0.02,,,
239,長野県,松本市,,2025/8/17 22:11,36.124,137.559,21.32,0.23,,,
240,長野県,松本市,平田駅西口,2025/8/19 20:56,36.192,137.962,18.12,0.09,住宅地域,,○
241,長野県,松本市,西南公園,2025/8/19 20:39,36.184,137.918,18.88,0.11,自然公園等,,○
242,長野県,松本市,平田駅西口,2025/8/19 21:46,36.192,137.961,18.38,0.14,住宅地域,,○
243,長野県,松本市,奈川高原,2025/8/26 21:44,36.046,137.703,19.63,0,自然公園等,測定不可(雲量大),○
244,長野県,松本市,乗鞍高原・いがや,2025/8/26 22:24,36.12,137.642,20.98,0.28,自然公園等,,○
245,長野県,上田市,古安曽観測所前,2025/8/19 21:02,36.351,138.219,19.77,0.1,農業地域,,○
246,長野県,上田市,古安曽観測所前,2025/8/19 21:01,36.351,138.219,19.79,0.14,農業地域,,○
247,長野県,岡谷市,塩嶺王城パーク駐車場,2025/8/21 21:09,36.063,138.016,19.44,0.12,自然公園等,,○
248,長野県,岡谷市,,2025/8/27 21:11,36.067,138.05,18.91,0.1,,,
249,長野県,飯田市,,2025/8/22 20:13,35.453,137.823,19.15,0.08,,,
250,長野県,諏訪市,,2025/8/17 22:13,36.044,138.11,18.59,0.17,,,
251,長野県,伊那市,,2025/8/19 20:51,35.864,138.015,20.07,0.13,,,
252,長野県,駒ヶ根市,日本電産長野技術研究開発センター周辺,2025/8/19 20:45,35.721,137.91,19.18,0.15,農業地域,,○
253,長野県,駒ヶ根市,長野県駒ヶ根工業高等学校周辺,2025/8/19 20:57,35.711,137.929,19.68,0.17,住宅地域,,○
254,長野県,駒ヶ根市,駒ヶ根高原家族旅行村アルプスの丘周辺,2025/8/19 20:35,35.73,137.9,19.41,0.15,自然公園等,,○
255,長野県,駒ヶ根市,,2025/8/19 20:57,35.748,138.018,21.05,0.16,,,
256,長野県,駒ヶ根市,,2025/8/19 20:27,35.734,138.03,20.87,0.23,,,
257,長野県,駒ヶ根市,,2025/8/19 20:05,35.718,137.983,20.51,0.06,,,
258,長野県,駒ヶ根市,,2025/8/19 21:44,35.744,137.933,19.77,0.02,,,
259,長野県,駒ヶ根市,長野県駒ヶ根市赤穂駒ヶ池駐車場,2025/8/19 20:23,35.741,137.891,19.68,0.14,森林山間地,,○
260,長野県,大町市,大町市大町 大町市役所,2025/8/27 19:56,36.502,137.851,19.66,0.1,住宅地域,,○
261,長野県,飯山市,,2025/8/22 20:29,36.932,138.388,20.5,0.14,,,
262,長野県,茅野市,,2025/8/19 20:39,36.006,138.179,19.44,0.09,,,
263,長野県,茅野市,,2025/8/19 21:24,36.013,138.231,20.41,0.17,,,
264,長野県,塩尻市,塩尻東地区センター,2025/8/19 22:08,36.101,137.968,19.79,0.1,農業地域,,○
265,長野県,塩尻市,奈良井ダム,2025/8/19 20:04,35.934,137.81,20.82,0.19,森林山間地,,○
266,長野県,塩尻市,,2025/8/19 20:22,35.961,137.809,20.76,0.19,,,
267,長野県,塩尻市,,2025/8/19 21:52,36.115,137.953,18.79,0.29,,,
268,長野県,塩尻市,,2025/8/19 20:36,35.986,137.841,20.85,0.11,,,
269,長野県,塩尻市,,2025/8/19 20:50,36.129,137.907,19.52,0.13,,,
270,長野県,塩尻市,,2025/8/19 21:38,36.089,137.92,19.99,0.1,,,
271,長野県,塩尻市,塩尻市役所北側駐車場,2025/8/19 21:03,36.115,137.953,18.89,0.13,住宅地域,,○
272,長野県,塩尻市,平出遺跡公園,2025/8/19 21:16,36.104,137.939,19.56,0.09,自然公園等,,○
273,長野県,塩尻市,奈良井ダム,2025/8/19 20:04,35.934,137.81,20.82,0.19,森林山間地,,○
274,長野県,塩尻市,,2025/8/19 22:20,36.107,137.971,19.61,0.19,,,
275,長野県,塩尻市,,2025/8/21 21:15,36.165,137.956,17.63,0.07,,,
276,長野県,塩尻市,,2025/8/19 21:00,36.065,137.9,20.43,0.06,,,
277,長野県,塩尻市,片丘小学校東,2025/8/19 20:48,36.144,137.98,19.08,0.09,農業地域,,○
278,長野県,塩尻市,,2025/8/19 20:47,36.013,137.859,20.81,0.1,,,
279,長野県,塩尻市,長者原公園,2025/8/17 20:49,36.164,137.946,18.58,0.11,住宅地域,,○
280,長野県,塩尻市,信州スカイパーク,2025/8/17 21:03,36.157,137.922,18.7,0.22,自然公園等,参考値(薄雲),○
281,長野県,塩尻市,,2025/8/19 21:10,36.115,137.948,18.43,0.1,,,
282,長野県,塩尻市,平出遺跡公園,2025/8/19 21:22,36.104,137.943,19.52,0.08,自然公園等,,○
283,長野県,塩尻市,堅石公民館,2025/8/17 21:32,36.139,137.938,18.35,0.28,農業地域,参考値(薄雲),○
284,長野県,塩尻市,広丘小学校校庭,2025/8/17 20:39,36.153,137.944,18.79,0.05,住宅地域,,○
285,長野県,塩尻市,,2025/8/19 20:39,36.149,137.997,19.4,0.13,,,
286,長野県,塩尻市,,2025/8/19 20:27,36.149,138.013,19.82,0.14,,,
287,長野県,塩尻市,北小野地区センター,2025/8/21 21:31,36.051,137.969,19.71,0.15,農業地域,,○
288,長野県,塩尻市,,2025/8/19 21:21,36.114,137.913,19.93,0.14,,,
289,長野県,塩尻市,,2025/8/19 21:03,36.116,137.953,18.6,0.11,,,
290,長野県,塩尻市,,2025/8/19 21:59,36.114,137.958,19.12,0.19,,,
291,長野県,塩尻市,いこいの森公園,2025/8/21 20:58,36.071,138.004,19.15,0.14,自然公園等,,○
292,長野県,佐久市,,2025/8/27 21:40,36.193,138.429,20.7,0.07,,,
293,長野県,佐久市,うすだスタードーム,2025/8/27 21:40,36.193,138.429,20.7,0.07,森林山間地,,○
294,長野県,佐久市,,2025/8/26 21:27,36.198,138.486,19.72,0.06,,,
295,長野県,佐久市,,2025/8/26 20:56,36.192,138.482,19.53,0.06,,,
296,長野県,千曲市,千曲市 中央公園,2025/8/27 20:08,36.528,138.111,19.21,0.08,住宅地域,,○
297,長野県,千曲市,,2025/8/27 21:38,36.501,138.091,20.38,0.09,,,
298,長野県,千曲市,,2025/8/27 20:24,36.534,138.137,19.38,0.09,,,
299,長野県,東御市,,2025/8/27 20:39,36.361,138.339,19.62,0.09,,,
300,長野県,安曇野市,安曇野市穂高牧 安曇野公園穂高,2025/8/27 20:54,36.321,137.844,20.03,0.21,農業地域,,○
301,長野県,安曇野市,安曇野市穂高 穂高会館,2025/8/27 21:40,36.346,137.884,19.8,0.16,住宅地域,,○
302,長野県,安曇野市,安曇野市豊科 安曇野市役所,2025/8/27 21:21,36.304,137.906,19.18,0.04,住宅地域,,○
303,長野県,南牧村,,2025/8/23 20:55,35.978,138.475,20.74,0.18,,,
304,長野県,南牧村,国立天文台野辺山宇宙電波観測所内,2025/8/23 20:29,35.941,138.473,20.28,0.2,農業地域,,○
305,長野県,北相木村,南佐久郡北相木村栃原,2025/8/23 20:41,36.061,138.516,20.59,0.16,森林山間地,,○
306,長野県,佐久穂町,,2025/8/26 20:36,36.152,138.489,20.05,0.05,,,
307,長野県,佐久穂町,,2025/8/26 20:36,36.152,138.489,18.75,0.11,,,
308,長野県,下諏訪町,,2025/8/27 21:46,36.07,138.079,19.44,0.08,,,
309,長野県,下諏訪町,下諏訪町赤砂崎公園,2025/8/27 21:33,36.059,138.078,19.69,0.1,自然公園等,,○
310,長野県,下諏訪町,,2025/8/27 22:12,36.083,138.127,20.58,0.11,,,
311,長野県,富士見町,,2025/8/19 22:27,35.919,138.282,20.86,0.06,,,
312,長野県,原村,八ヶ岳自然文化園,2025/8/27 21:43,35.972,138.266,21.05,0.05,自然公園等,,○
313,長野県,原村,,2025/8/19 22:04,35.974,138.263,20.64,0.18,,,
314,長野県,箕輪町,,2025/8/19 20:40,35.888,138.005,19.77,0.13,,,
315,長野県,箕輪町,JR木ノ下駅周辺,2025/8/17 20:32,35.899,137.988,19.51,0.09,住宅地域,,○
316,長野県,箕輪町,上伊那郡箕輪町 箕輪北小学校グランド,2025/8/19 20:21,35.934,137.983,19.58,0.05,住宅地域,,○
317,長野県,阿智村,,2025/8/23 20:58,35.353,137.669,20.87,0.12,,,
318,長野県,下條村,,2025/8/22 20:49,35.396,137.74,19.96,0.2,,,
319,長野県,下條村,,2025/8/16 21:02,35.387,137.772,20.76,0.08,,,
320,長野県,下條村,,2025/8/22 20:28,35.412,137.798,19.59,0.14,,,
321,長野県,大鹿村,,2025/8/18 22:03,35.561,138.035,21.05,0.07,,,
322,長野県,大鹿村,,2025/8/27 21:39,35.538,138.033,20.89,0.14,,,
323,長野県,大鹿村,,2025/8/18 21:23,35.562,138.074,21.27,0.42,,,
324,長野県,大鹿村,,2025/8/19 21:42,35.598,138.079,21.04,0.1,,,
325,長野県,大鹿村,,2025/8/27 21:25,35.558,138.04,20.8,0.08,,,
326,長野県,大鹿村,,2025/8/27 21:54,35.543,138.044,20.78,0.11,,,
327,長野県,大鹿村,,2025/8/19 21:12,35.602,138.071,21.38,0.16,,,
328,長野県,大鹿村,,2025/8/18 22:25,35.543,138.044,21.22,0.19,,,
329,長野県,大鹿村,,2025/8/18 21:56,35.578,138.034,21.02,0.06,,,
330,長野県,大鹿村,,2025/8/19 21:28,35.601,138.068,21.29,0.2,,,
331,長野県,上松町,上松駅前,2025/8/27 21:58,35.784,137.693,19.8,0.07,商業地域,,○
332,長野県,木祖村,,2025/8/27 23:56,35.967,137.747,20.71,0.25,,参考値（時間外）,
333,長野県,木祖村,木祖村郷土館脇,2025/8/22 21:27,35.932,137.783,20.13,0.11,商業地域,,○
334,長野県,王滝村,東京大学木曽観測所,2025/8/27 21:25,35.797,137.624,21.22,0.04,森林山間地,,○
335,長野県,王滝村,東京大学木曽観測所,2025/8/27 20:27,35.797,137.624,20.93,0.16,森林山間地,,○
336,長野県,木曽町,,2025/8/21 21:15,35.931,137.627,21.09,0.17,,,
337,長野県,木曽町,,2025/8/27 21:45,35.934,137.632,21.5,0.09,,,
338,長野県,木曽町,宮ノ越駅前,2025/8/22 21:07,35.888,137.763,20.35,0.12,住宅地域,,○
339,長野県,木曽町,,2025/8/14 21:07,35.895,137.488,21.82,0.12,,,
340,長野県,木曽町,,2025/8/27 23:39,35.934,137.632,21.81,0.08,,参考値（時間外）,
341,長野県,木曽町,,2025/8/21 20:48,35.934,137.632,21.05,0.13,,,
342,長野県,木曽町,木曽合同庁舎脇,2025/8/20 20:40,35.839,137.688,19.49,0.17,商業地域,,○
343,長野県,木曽町,木曽馬の里,2025/8/27 21:08,35.933,137.629,21.45,0.05,その他,,○
344,長野県,木曽町,キビオ峠,2025/8/22 20:24,35.831,137.757,20.71,0.14,森林山間地,,○
345,長野県,木曽町,木曽馬の里,2025/8/21 20:16,35.933,137.629,21.01,0.11,その他,,○
346,長野県,木曽町,,2025/8/27 21:23,35.931,137.627,21.45,0.07,,,
347,長野県,木曽町,関山公園,2025/8/20 20:56,35.849,137.704,20.18,0.11,自然公園等,,○
348,長野県,木曽町,,2025/8/27 23:23,35.931,137.627,21.8,0.11,,参考値（時間外）,
349,長野県,木曽町,開田高原水芭蕉園,2025/8/14 20:21,35.966,137.574,21.81,0.15,自然公園等,,○
350,長野県,木曽町,開田高原保健休養地テニスコート,2025/8/21 21:51,35.919,137.556,21.37,0.06,森林山間地,,○
351,長野県,木曽町,,2025/8/23 20:17,35.918,137.558,20.7,0.24,,,
352,長野県,木曽町,道の駅日義木曽駒高原,2025/8/22 20:51,35.866,137.74,20.08,0.05,住宅地域,,○
353,長野県,山形村,山形村 ミラ フード館 ,2025/8/17 21:16,36.17,137.878,18.99,0.07,農業地域,参考値(薄雲),○
354,長野県,朝日村,朝日小学校付近,2025/8/19 21:04,36.128,137.863,20.11,0.09,住宅地域,,○
355,長野県,小谷村,,2025/8/14 21:04,36.868,137.974,21.67,0.16,,,
356,長野県,小谷村,,2025/8/14 21:03,36.868,137.974,21.65,0.17,,,
357,長野県,小谷村,,2025/8/14 21:02,36.868,137.974,21.67,0.17,,,
358,長野県,坂城町,,2025/8/27 20:57,36.435,138.195,19.76,0.1,,,
359,長野県,小川村,小川天文台,2025/8/17 21:30,36.66,137.987,20.84,0.21,森林山間地,参考値(薄雲),○
360,岐阜県,揖斐川町,揖斐川町西横山,2025/8/14 20:38,35.576,136.458,20.84,0.11,森林山間地,,○
361,静岡県,浜松市　中央区,,2025/8/18 21:30,34.663,137.769,18.7,0.17,,,
362,静岡県,浜松市　中央区,,2025/8/19 21:30,34.663,137.769,18.65,0.17,,,
363,静岡県,富士宮市,,2025/8/27 21:47,35.385,138.583,20.21,0.11,,,
364,静岡県,清水町,,2025/8/18 21:56,35.101,138.893,18.21,0.08,,,
365,静岡県,川根本町,静岡県榛原郡川根本町,2025/8/26 21:56,35.062,138.097,21.03,0.05,住宅地域,,○
366,静岡県,川根本町,静岡県榛原郡川根本町,2025/8/26 21:42,35.062,138.097,20.97,0.01,住宅地域,,○
367,静岡県,川根本町,静岡県榛原郡川根本町,2025/8/26 21:53,35.062,138.097,21.01,0.04,住宅地域,,○
368,静岡県,川根本町,静岡県榛原郡川根本町,2025/8/26 21:33,35.062,138.097,21.04,0.07,住宅地域,,○
369,愛知県,名古屋市　中区,名古屋市科学館,2025/8/21 20:22,35.165,136.899,16.11,0.11,商業地域,,○
370,愛知県,豊田市,,2025/8/26 19:39,35.08,137.152,16.19,0.42,,,
371,愛知県,設楽町,道の駅つぐ高原グリーンパーク,2025/8/20 21:28,35.202,137.604,20.6,0.14,自然公園等,,○
372,愛知県,設楽町,道の駅つぐ高原グリーンパーク,2025/8/20 21:29,35.202,137.604,20.4,0.07,自然公園等,,○
373,愛知県,設楽町,道の駅つぐ高原グリーンパーク,2025/8/20 21:23,35.202,137.604,20.75,0.16,自然公園等,,○
374,愛知県,設楽町,奥三河総合センター,2025/8/20 22:06,35.094,137.574,20.19,0.09,住宅地域,,○
375,愛知県,設楽町,道の駅つぐ高原グリーンパーク,2025/8/20 21:24,35.202,137.604,20.7,0.19,自然公園等,,○
376,愛知県,設楽町,奥三河総合センター,2025/8/20 22:08,35.094,137.574,20.17,0.09,住宅地域,,○
377,愛知県,豊根村,茶臼山高原(愛知県北設楽郡豊根村),2025/8/20 21:04,35.222,137.659,20.72,0.27,自然公園等,,○
378,愛知県,豊根村,茶臼山高原(愛知県北設楽郡豊根村),2025/8/20 21:03,35.222,137.659,20.65,0.12,自然公園等,,○
379,京都府,和束町,相楽郡和束町杣田,2025/8/19 20:47,34.788,135.904,19.38,0.11,農業地域,,○
380,大阪府,大阪市　此花区,,2025/8/26 20:50,34.65,135.383,16.57,0.09,,,
381,大阪府,大阪市　淀川区,,2025/8/21 20:24,34.734,135.497,16.65,0.13,,,
382,大阪府,茨木市,,2025/8/19 21:06,34.818,135.559,16.59,0.21,,,
383,兵庫県,神戸市　垂水区,,2025/8/21 20:03,34.654,135.054,18.11,0.06,,,
384,兵庫県,神戸市　垂水区,兵庫県立舞子高等学校屋上,2025/8/20 20:08,34.655,135.055,17.15,0.26,住宅地域,,○
385,兵庫県,神戸市　垂水区,兵庫県立舞子高等学校屋上,2025/8/19 21:02,34.656,135.055,19.41,0.12,住宅地域,,○
386,兵庫県,神戸市　西区,神戸市西区井吹台 西神南,2025/8/23 22:18,34.698,135.032,,,住宅地域,測定不可(ピントずれ),○
387,兵庫県,神戸市　西区,神戸市西区井吹台 西神南,2025/8/22 21:22,34.699,135.032,17.86,0.12,住宅地域,,○
388,兵庫県,神戸市　西区,神戸市西区井吹台 西神南,2025/8/26 22:35,34.699,135.032,,,住宅地域,測定不可(ピントずれ),○
389,兵庫県,神戸市　西区,神戸市西区井吹台 西神南,2025/8/18 22:07,34.698,135.032,17.93,0.09,住宅地域,,○
390,兵庫県,神戸市　長田区,神戸市長田区鹿松町,2025/8/19 20:15,34.684,135.133,17.96,0.12,住宅地域,,○
391,兵庫県,神戸市　長田区,神戸市長田区鹿松町,2025/8/17 22:04,34.684,135.133,17.6,0.2,住宅地域,,○
392,兵庫県,神戸市　長田区,神戸市長田区鹿松町,2025/8/21 20:10,34.684,135.133,18.03,0.17,住宅地域,,○
393,兵庫県,神戸市　長田区,神戸市長田区鹿松町,2025/8/22 21:38,34.684,135.133,18.16,0.09,住宅地域,,○
394,兵庫県,神戸市　長田区,神戸市長田区鹿松町,2025/8/26 20:08,34.684,135.133,17.27,0.16,住宅地域,,○
395,兵庫県,神戸市　長田区,神戸市長田区鹿松町,2025/8/18 20:23,34.684,135.133,17.65,0.23,住宅地域,,○
396,兵庫県,神戸市　長田区,神戸市長田区鹿松町,2025/8/17 22:04,34.684,135.133,17.6,0.2,住宅地域,,○
397,兵庫県,神戸市　長田区,神戸市長田区鹿松町,2025/8/26 20:08,34.684,135.133,17.23,0.19,住宅地域,,○
398,兵庫県,加古川市,,2025/8/20 20:41,34.794,134.879,18.56,0.11,,,
399,兵庫県,淡路市,淡路市久留麻 淡路,2025/8/26 21:51,34.517,134.989,15.83,0.1,その他,,○
400,兵庫県,淡路市,淡路市久留麻 淡路,2025/8/18 19:54,34.524,134.993,18.62,0.16,その他,,○
401,兵庫県,淡路市,淡路市久留麻 淡路,2025/8/21 19:44,34.525,134.993,17.95,0.1,その他,,○
402,兵庫県,稲美町,,2025/8/20 21:05,34.733,134.909,18.48,0.11,,,
403,兵庫県,佐用町,,2025/8/26 21:21,35.025,134.336,19.19,0.16,,,
404,和歌山県,紀美野町,和歌山県海草郡紀美野町　みさと天文台,2025/8/20 20:58,34.144,135.407,20.65,0.06,森林山間地,,○
405,和歌山県,紀美野町,和歌山県海草郡紀美野町　みさと天文台,2025/8/20 21:16,34.144,135.407,20.63,0.09,森林山間地,,○
406,和歌山県,古座川町,和歌山県東牟婁郡古座川町佐田,2025/8/19 21:00,33.593,135.698,21.86,0.22,森林山間地,,○
407,和歌山県,古座川町,和歌山県東牟婁郡古座川町佐田,2025/8/19 20:45,33.593,135.698,21.89,0.16,森林山間地,,○
408,和歌山県,古座川町,和歌山県東牟婁郡古座川町佐田,2025/8/19 20:30,33.593,135.698,21.96,0.11,森林山間地,,○
409,鳥取県,鳥取市,,2025/8/15 21:13,35.45,134.256,19.3,0.24,,,
410,鳥取県,鳥取市,,2025/8/17 22:27,35.343,134.16,20.97,0.12,,,
411,鳥取県,鳥取市,,2025/8/15 21:32,35.475,134.266,19.54,0.12,,,
412,鳥取県,鳥取市,さじアストロパーク園地,2025/8/17 20:34,35.342,134.119,21.17,0.13,森林山間地,,○
413,鳥取県,鳥取市,鳥取砂丘駐車場,2025/8/16 20:55,35.545,134.237,19.95,0.12,自然公園等,,○
414,鳥取県,鳥取市,鳥取県鳥取市用瀬町鷹狩,2025/8/16 22:15,35.359,134.205,20.91,0.09,農業地域,,○
415,鳥取県,鳥取市,,2025/8/16 20:33,35.498,134.155,20.03,0.13,,,
416,鳥取県,鳥取市,,2025/8/16 22:26,35.357,134.176,21.13,0.04,,,
417,鳥取県,鳥取市,,2025/8/16 21:39,35.494,134.219,18.68,0.12,,,
418,鳥取県,鳥取市,,2025/8/17 21:54,35.333,134.064,21.18,0.13,,,
419,鳥取県,鳥取市,,2025/8/17 22:04,35.329,134.043,21.08,0.02,,,
420,鳥取県,鳥取市,鳥取市河原町曳田 桜広場駐車場,2025/8/15 22:03,35.393,134.2,20,0.1,住宅地域,,○
421,鳥取県,鳥取市,鳥取市倉田 倉田スポーツ広場,2025/8/16 21:56,35.448,134.212,20.18,0.13,その他,,○
422,鳥取県,鳥取市,,2025/8/17 21:43,35.331,134.106,20.94,0.12,,,
423,鳥取県,鳥取市,,2025/8/16 21:23,35.507,134.237,19.04,0.1,,,
424,鳥取県,米子市,,2025/8/19 21:49,35.438,133.33,18,0.06,,,
425,鳥取県,若桜町,,2025/8/15 20:26,35.344,134.402,20.6,0.1,,,
426,鳥取県,八頭町,,2025/8/18 21:48,35.429,134.385,21.11,0.2,,,
427,鳥取県,八頭町,,2025/8/15 22:21,35.395,134.249,20.29,0.05,,,
428,鳥取県,八頭町,,2025/8/18 22:07,35.4,134.347,20.88,0.11,,,
429,鳥取県,八頭町,,2025/8/15 21:01,35.419,134.255,19.76,0.08,,,
430,鳥取県,八頭町,,2025/8/18 21:52,35.429,134.385,21.04,0.1,,,
431,鳥取県,八頭町,,2025/8/15 20:43,35.363,134.316,20.79,0.08,,,
432,鳥取県,八頭町,,2025/8/18 22:18,35.419,134.309,20.79,0.05,,,
433,島根県,松江市,島根県松江市八束町　八束千本桜公園,2025/8/15 21:02,35.503,133.159,20.64,0.09,農業地域,,○
434,島根県,松江市,,2025/8/17 21:56,35.414,132.949,20.43,0.08,,,
435,島根県,松江市,,2025/8/17 21:33,35.385,132.894,20.44,0.04,,,
436,島根県,浜田市,浜田市三隅町 三保公民館,2025/8/16 20:28,34.789,131.943,21,0.11,住宅地域,,○
437,島根県,浜田市,浜田市竹迫町 海の見える文化公園,2025/8/25 20:37,34.887,132.076,19.44,0.26,住宅地域,,○
438,島根県,浜田市,浜田市竹迫町 海の見える文化公園,2025/8/25 20:37,34.887,132.076,19.46,0.24,住宅地域,参考値(薄雲),○
439,岡山県,岡山市　北区,河原邸,2025/8/18 21:32,34.824,133.856,19.67,0.11,森林山間地,,○
440,岡山県,倉敷市,倉敷市 ライフパーク倉敷科学センター 屋上,2025/8/23 21:11,34.536,133.769,17.01,0.46,工業地域,参考値(薄雲),○
441,岡山県,井原市,井原市美星天文台,2025/8/26 21:39,34.672,133.545,18.61,0.3,森林山間地,,○
442,岡山県,美咲町,,2025/8/22 20:10,34.968,134.057,19.21,0.28,,,
443,広島県,広島市　中区,,2025/8/15 22:00,34.398,132.454,16.38,0.07,,,
444,広島県,東広島市,憩いの森公園,2025/8/21 20:58,34.447,132.738,18.75,0.15,自然公園等,,○
445,広島県,東広島市,憩いの森公園,2025/8/21 21:10,34.447,132.738,18.4,0.53,自然公園等,,○
446,広島県,東広島市,憩いの森公園,2025/8/21 21:07,34.447,132.738,18.24,0.42,自然公園等,,○
447,広島県,東広島市,憩いの森公園,2025/8/21 21:03,34.447,132.738,18.32,0.36,自然公園等,,○
448,山口県,山口市,,2025/8/15 21:32,34.474,131.656,21.52,0.21,,,
449,徳島県,徳島市,,2025/8/19 21:13,34.073,134.515,18.47,0.06,,,
450,徳島県,徳島市,,2025/8/19 21:54,34.098,134.458,19.26,0.1,,,
451,徳島県,徳島市,,2025/8/19 20:48,34.063,134.603,19.13,0.13,,,
452,徳島県,徳島市,,2025/8/19 20:22,34.07,134.558,17.81,0.12,,,
453,徳島県,徳島市,,2025/8/19 21:34,34.062,134.471,19.01,0.13,,,
454,徳島県,上勝町,徳島県名東郡佐那河内村上字大川原,2025/8/23 20:12,33.953,134.408,20.31,0.28,森林山間地,,○
455,徳島県,石井町,,2025/8/16 23:50,34.068,134.449,18.62,0.26,,参考値（時間外）,
456,徳島県,石井町,,2025/8/19 22:11,34.07,134.446,18.83,0.08,,,
457,香川県,高松市,香川県高松市多肥上町,2025/8/19 21:19,34.288,134.055,18.25,0.24,住宅地域,,○
458,愛媛県,新居浜市,愛媛県総合科学博物館 屋上（愛媛県新居浜市）,2025/8/27 22:09,33.909,133.245,19.87,0.08,その他,,○
459,愛媛県,久万高原町,久万高原天体観測館,2025/8/21 20:58,33.677,132.94,21.14,0.14,森林山間地 ,,○
460,高知県,高知市,土佐塾中学・高等学校,2025/8/19 21:20,33.536,133.529,19.08,0.07,その他,,○
461,高知県,安芸市,,2025/8/19 21:23,33.451,133.95,21.31,0.14,,,
462,高知県,四万十市,四万十天文台前,2025/8/18 22:05,33.174,132.793,20.94,0.11,森林山間地,,○
463,高知県,四万十市,四万十天文台前,2025/8/26 21:59,33.174,132.793,19.68,0.13,森林山間地,参考値(薄雲),○
464,高知県,四万十市,四万十天文台前,2025/8/25 21:06,33.174,132.793,20.59,0.3,森林山間地,参考値(薄雲),○
465,高知県,四万十市,四万十天文台前,2025/8/14 21:45,33.174,132.793,19.34,0.31,森林山間地,,○
466,高知県,四万十市,四万十天文台前,2025/8/19 22:12,33.174,132.793,21.32,0.04,森林山間地,,○
467,高知県,四万十市,四万十天文台前,2025/8/18 22:07,33.174,132.793,20.84,0.13,森林山間地,,○
468,高知県,四万十市,四万十天文台前,2025/8/21 21:31,33.174,132.793,19.19,0.13,森林山間地,,○
469,高知県,四万十市,,2025/8/15 21:47,33.174,132.793,20.62,0.31,,,
470,高知県,四万十市,四万十天文台前,2025/8/17 21:29,33.174,132.793,21.28,0.16,森林山間地,,○
471,高知県,芸西村,芸西天文台,2025/8/18 22:19,33.53,133.823,21.12,0.13,森林山間地,,○
472,高知県,芸西村,芸西天文台,2025/8/18 22:26,33.531,133.825,21.13,0.09,森林山間地,,○
473,高知県,津野町,,2025/8/20 22:08,33.476,133.002,21.45,0.08,,,
474,高知県,津野町,,2025/8/20 21:11,33.398,132.977,21.54,0.18,,,
475,福岡県,八女市,星のふるさと公園 星降る広場,2025/8/26 21:44,33.243,130.76,19.74,0.47,森林山間地,測定不可(方向エラー),○
476,長崎県,佐世保市,佐世保市星和台町,2025/8/15 22:37,33.174,129.68,19.98,0.04,住宅地域,,○
477,長崎県,佐世保市,佐世保市江迎町奧川内 白岳自然公園,2025/8/16 21:40,33.308,129.665,20.77,0.1,自然公園等,,○
478,熊本県,熊本市　北区,,2025/8/20 21:20,32.831,130.733,18.66,0.17,,,
479,熊本県,山都町,清和高原天文台,2025/8/17 21:25,32.741,131.099,21.26,0.17,森林山間地,,○
480,宮崎県,都城市,宮崎県都城市高崎町,2025/8/25 21:46,31.88,131.07,20,0.11,住宅地域,,○
481,鹿児島県,奄美市,,2025/8/23 21:46,28.344,129.57,21.39,0.21,,,
482,鹿児島県,中種子町,熊毛郡中種子町,2025/8/17 21:25,30.557,130.979,21.58,0.22,農業地域,,○
483,鹿児島県,大和村,,2025/8/26 21:16,28.316,129.342,21.7,0.22,,,
484,鹿児島県,大和村,,2025/8/26 22:12,28.358,129.398,19.74,0.28,,,
485,鹿児島県,大和村,,2025/8/26 20:25,28.365,129.381,20.83,0.12,,,
486,鹿児島県,瀬戸内町,,2025/8/24 21:20,28.221,129.292,21.71,0.04,,,
487,鹿児島県,瀬戸内町,,2025/8/23 21:49,28.199,129.273,21.69,0.35,,,
488,鹿児島県,瀬戸内町,,2025/8/23 21:38,28.198,129.281,21.7,0.08,,,
489,鹿児島県,瀬戸内町,,2025/8/23 21:34,28.189,129.289,21.59,0.25,,,
490,鹿児島県,瀬戸内町,,2025/8/23 21:30,28.18,129.293,21.78,0.17,,,
491,鹿児島県,瀬戸内町,,2025/8/23 21:25,28.171,129.298,21.78,0.14,,,
492,鹿児島県,瀬戸内町,,2025/8/24 21:13,28.232,129.276,21.71,0.16,,,
493,鹿児島県,瀬戸内町,,2025/8/23 21:03,28.135,129.329,21.45,0.12,,,
494,鹿児島県,瀬戸内町,,2025/8/24 20:29,28.242,129.175,21.81,0.16,,,
495,鹿児島県,瀬戸内町,,2025/8/17 21:04,28.167,129.337,21.4,0.27,,,
496,鹿児島県,瀬戸内町,鹿児島県大島郡瀬戸内町瀬戸崎,2025/8/15 21:39,28.149,129.296,21.74,0.2,森林山間地,,○
497,鹿児島県,瀬戸内町,鹿児島県瀬戸内町油井岳,2025/8/17 20:36,28.175,129.313,21.99,0.1,自然公園等,,○
498,鹿児島県,瀬戸内町,,2025/8/15 21:43,28.158,129.296,21.83,0.19,,,
499,鹿児島県,瀬戸内町,鹿児島県大島郡瀬戸内町春日公園,2025/8/15 21:31,28.148,129.311,20.43,0.33,商業地域,,○
500,鹿児島県,瀬戸内町,鹿児島県大島郡瀬戸内町ヤドリ浜,2025/8/15 21:04,28.124,129.363,21.97,0.16,自然公園等,,○
501,鹿児島県,瀬戸内町,鹿児島県 瀬戸内町高知山,2025/8/17 20:48,28.169,129.316,21.54,0.27,森林山間地,,○
502,鹿児島県,瀬戸内町,,2025/8/23 20:47,28.14,129.328,21.17,0.21,,,
503,鹿児島県,瀬戸内町,,2025/8/26 21:06,28.107,129.244,21.68,0.19,,,
504,鹿児島県,瀬戸内町,鹿児島県大島郡瀬戸内町マネン崎,2025/8/15 21:17,28.131,129.337,21.93,0.13,自然公園等,,○
505,鹿児島県,瀬戸内町,,2025/8/24 20:40,28.228,129.195,21.83,0.19,,,
506,鹿児島県,瀬戸内町,,2025/8/26 20:55,28.124,129.245,21.82,0.17,,,
507,鹿児島県,瀬戸内町,,2025/8/24 21:02,28.229,129.252,21.76,0.16,,,
508,鹿児島県,瀬戸内町,,2025/8/24 21:48,28.175,129.347,21.73,0.2,,,
509,鹿児島県,瀬戸内町,鹿児島県大島郡瀬戸内町ホノホシ海岸,2025/8/15 20:59,28.13,129.369,22.01,0.13,自然公園等,,○
510,鹿児島県,瀬戸内町,,2025/8/26 21:20,28.111,129.251,21.79,0.21,,,
511,鹿児島県,瀬戸内町,,2025/8/26 21:26,28.101,129.261,21.85,0.23,,,
512,鹿児島県,瀬戸内町,,2025/8/23 21:09,28.139,129.328,21.22,0.11,,,
513,鹿児島県,瀬戸内町,,2025/8/27 20:46,28.094,129.324,21.79,0.18,,,
514,鹿児島県,瀬戸内町,,2025/8/26 20:42,28.111,129.223,21.86,0.17,,,
515,鹿児島県,瀬戸内町,,2025/8/24 21:07,28.232,129.261,21.68,0.13,,,
516,鹿児島県,瀬戸内町,,2025/8/27 21:25,28.141,129.218,21.77,0.19,,,
517,鹿児島県,瀬戸内町,,2025/8/24 20:49,28.229,129.217,21.74,0.17,,,
518,鹿児島県,瀬戸内町,,2025/8/27 21:45,28.166,129.211,21.53,0.08,,,
519,鹿児島県,瀬戸内町,,2025/8/27 20:31,28.106,129.352,21.8,0.16,,,
520,鹿児島県,瀬戸内町,,2025/8/26 21:36,28.088,129.266,21.84,0.2,,,
521,鹿児島県,瀬戸内町,,2025/8/27 21:12,28.135,129.242,21.8,0.15,,,
522,鹿児島県,龍郷町,鹿児島県大島郡龍郷町赤尾木,2025/8/26 20:47,28.418,129.64,21.63,0.16,その他,,○
523,沖縄県,石垣市,,2025/8/15 22:16,24.373,124.139,20.95,0.04,,,
524,沖縄県,石垣市,,2025/8/16 21:15,24.445,124.255,21.55,0.11,,,
525,沖縄県,石垣市,,2025/8/25 22:31,24.388,124.244,19.32,0.23,,,
526,沖縄県,名護市,,2025/8/21 2:23,26.631,128.014,20,0.24,,参考値（時間外）,
527,沖縄県,名護市,,2025/8/21 0:24,26.602,127.912,19.85,0.17,,参考値（時間外）,
528,沖縄県,名護市,,2025/8/23 21:53,26.642,127.988,20.52,0.13,,,
529,沖縄県,名護市,,2025/8/23 21:30,26.63,128.03,20.67,0.09,,,
530,沖縄県,名護市,,2025/8/21 1:51,26.588,128.027,19.99,0.14,,参考値（時間外）,
531,沖縄県,名護市,,2025/8/23 22:54,26.623,128.08,21.2,0.11,,,
532,沖縄県,名護市,,2025/8/23 21:09,26.663,128.009,20.91,0.13,,,
533,沖縄県,名護市,,2025/8/21 1:24,26.576,127.997,19.41,0.3,,参考値（時間外）,
534,沖縄県,大宜味村,沖縄県国頭郡今帰仁村字与那嶺,2025/8/24 21:20,26.66,128.122,21.3,0.11,住宅地域,,○
535,沖縄県,大宜味村,沖縄県国頭郡今帰仁村字与那嶺,2025/8/24 21:57,26.653,128.148,21.36,0.09,住宅地域,,○
536,沖縄県,東村,,2025/8/24 21:38,26.626,128.146,21.48,0.18,,,
537,沖縄県,東村,,2025/8/24 22:34,26.632,128.156,21.38,0.13,,,
538,沖縄県,東村,,2025/8/24 23:52,26.657,128.246,21.76,0.2,,参考値（時間外）,
539,沖縄県,東村,,2025/8/24 22:10,26.607,128.119,21.29,0.11,,,
540,沖縄県,東村,,2025/8/24 23:28,26.637,128.236,21.73,0.23,,参考値（時間外）,
541,沖縄県,東村,,2025/8/24 23:02,26.634,128.179,21.15,0.15,,参考値（時間外）,
542,沖縄県,今帰仁村,,2025/8/23 20:35,26.713,128.013,21.25,0.17,,,
543,沖縄県,今帰仁村,,2025/8/20 21:52,26.691,127.927,20.67,0.19,,,
544,沖縄県,今帰仁村,沖縄県国頭郡今帰仁村字与那嶺,2025/8/20 21:23,26.708,127.949,20.77,0.11,住宅地域,,○
545,沖縄県,今帰仁村,,2025/8/23 22:18,26.65,127.97,20.38,0.16,,,
546,沖縄県,本部町,,2025/8/20 23:05,26.637,127.863,20.53,0.1,,参考値（時間外）,
547,沖縄県,本部町,,2025/8/20 23:59,26.634,127.888,19.89,0.22,,参考値（時間外）,
548,沖縄県,本部町,沖縄県国頭郡今帰仁村字与那嶺,2025/8/24 20:29,26.658,127.918,20.69,0.11,住宅地域,,○
549,沖縄県,本部町,,2025/8/20 22:19,26.702,127.883,20.11,0.4,,,
550,沖縄県,本部町,,2025/8/20 22:34,26.691,127.88,19.1,0.12,,,
551,沖縄県,竹富町,波照間島星空観測タワー広場,2025/8/25 21:30,24.06,123.804,21.41,0.3,その他,,○
